Country Code;City;Location;Coordinates;Pollutant;Source Name;Unit;Value;Last Updated;Country Label
IN;Delhi;Okhla Phase-2, Delhi - DPCC;;O3;data.gov.in;µg/m³;5.0;2022-03-25T05:00:00+05:30;India
IN;Delhi;Sonia Vihar, Delhi - DPCC;;PM2.5;data.gov.in;µg/m³;183.0;2022-03-25T05:00:00+05:30;India
IN;Delhi;Major Dhyan Chand National Stadium, Delhi - DPCC;;NO2;data.gov.in;µg/m³;53.0;2022-03-25T05:00:00+05:30;India
IN;Delhi;Najafgarh, Delhi - DPCC;;SO2;data.gov.in;µg/m³;5.0;2022-03-25T05:00:00+05:30;India
IN;Delhi;Aya Nagar, Delhi - IMD;;NO2;data.gov.in;µg/m³;25.0;2022-03-25T05:00:00+05:30;India
IN;Delhi;Burari Crossing, Delhi - IMD;;O3;data.gov.in;µg/m³;18.0;2022-03-25T05:00:00+05:30;India
IN;Delhi;CRRI Mathura Road, Delhi - IMD;;PM10;data.gov.in;µg/m³;287.0;2022-03-25T05:00:00+05:30;India
IN;Delhi;R K Puram, Delhi - DPCC;;CO;data.gov.in;µg/m³;80000.0;2022-03-25T05:00:00+05:30;India
IN;Delhi;Shadipur, Delhi - CPCB;;SO2;data.gov.in;µg/m³;13.0;2022-03-25T05:00:00+05:30;India
IN;Delhi;Shadipur, Delhi - CPCB;;PM10;data.gov.in;µg/m³;222.0;2022-03-25T05:00:00+05:30;India
IN;Delhi;Nehru Nagar, Delhi - DPCC;28.5639543, 77.2587868;O3;caaqm;µg/m³;214.0;2018-05-12T11:30:00+05:30;India
IN;Delhi;Narela, Delhi - DPCC;28.8446874, 77.0332666;PM2.5;caaqm;µg/m³;173.0;2018-05-12T11:30:00+05:30;India
IN;Delhi;Dwarka-Sector 8, Delhi - DPCC;28.5206826, 76.8023871;NO2;caaqm;µg/m³;23.1;2018-05-12T10:30:00+05:30;India
IN;Delhi;Delhi Technological University, Delhi - CPCB;28.744, 77.12;PM2.5;CPCB;µg/m³;451.0;2018-02-22T09:30:00+05:30;India
IN;Delhi;Income Tax Office, Delhi - CPCB;28.6235, 77.2494;PM2.5;CPCB;µg/m³;224.0;2018-02-22T09:15:00+05:30;India
IN;Delhi;North Campus, Delhi - IMD;;PM2.5;CPCB;µg/m³;58.28;2018-02-22T04:30:00+05:30;India
IN;Delhi;Anand Vihar, Delhi - DPCC;28.6508, 77.3152;O3;CPCB;µg/m³;17.87;2018-01-23T10:00:00+05:30;India
IN;Delhi;Lodhi Road, Delhi - IMD;;PM2.5;CPCB;µg/m³;152.62;2018-02-22T02:30:00+05:30;India
IN;Delhi;US Diplomatic Post: New Delhi;28.63576, 77.22445;PM2.5;StateAir_NewDelhi;µg/m³;61.0;2023-03-01T05:00:00+05:30;India
IN;Delhi;North Campus, DU, Delhi - IMD;28.6573814, 77.1585447;O3;caaqm;µg/m³;14.59;2022-06-22T07:45:00+05:30;India
IN;Delhi;ITO, Delhi - CPCB;28.628624, 77.24106;SO2;caaqm;µg/m³;8.4;2022-10-31T07:15:00+05:30;India
IN;Delhi;Aya Nagar, Delhi - IMD;28.4706914, 77.1099364;NO2;caaqm;µg/m³;25.02;2022-10-31T06:45:00+05:30;India
IN;Delhi;Pusa, Delhi - DPCC;28.639645, 77.146262;PM10;caaqm;µg/m³;299.0;2022-10-31T06:15:00+05:30;India
IN;Delhi;Pusa, Delhi - DPCC;28.639645, 77.146262;NO2;caaqm;µg/m³;36.1;2022-10-31T06:15:00+05:30;India
IN;Delhi;Vivek Vihar, Delhi - DPCC;28.672342, 77.31526;NO2;caaqm;µg/m³;21.1;2022-10-31T06:15:00+05:30;India
IN;Delhi;R K Puram, Delhi - DPCC;28.563262, 77.186937;CO;caaqm;µg/m³;2000.0;2022-10-30T16:45:00+05:30;India
IN;Delhi;Okhla Phase-2, Delhi - DPCC;28.530785, 77.271255;O3;caaqm;µg/m³;6.7;2022-10-31T06:15:00+05:30;India
IN;Delhi;Sri Aurobindo Marg, Delhi - DPCC;28.531346, 77.190156;SO2;caaqm;µg/m³;3.8;2022-10-31T06:15:00+05:30;India
IN;Delhi;Narela, Delhi - DPCC;28.822836, 77.101981;NO2;caaqm;µg/m³;66.6;2022-10-31T06:15:00+05:30;India
IN;Delhi;Narela, Delhi - DPCC;28.822836, 77.101981;SO2;caaqm;µg/m³;2.2;2022-10-31T06:15:00+05:30;India
IN;Delhi;Lodhi Road, Delhi - IMD;28.5918245, 77.2273074;PM10;caaqm;µg/m³;155.4;2022-10-16T15:45:00+05:30;India
IN;Delhi;Pusa, Delhi - DPCC;28.639645, 77.146262;PM2.5;caaqm;µg/m³;222.0;2022-10-31T06:15:00+05:30;India
IN;Delhi;Jawaharlal Nehru Stadium, Delhi - DPCC;28.58028, 77.233829;SO2;caaqm;µg/m³;12.4;2022-10-31T06:15:00+05:30;India
IN;Delhi;Jawaharlal Nehru Stadium, Delhi - DPCC;28.58028, 77.233829;CO;caaqm;µg/m³;700.0;2022-10-31T06:15:00+05:30;India
IN;Delhi;Jahangirpuri, Delhi - DPCC;28.73282, 77.170633;PM10;caaqm;µg/m³;399.0;2022-10-31T06:15:00+05:30;India
IN;Delhi;Dr. Karni Singh Shooting Range, Delhi - DPCC;28.498571, 77.26484;O3;caaqm;µg/m³;2.1;2022-10-31T06:00:00+05:30;India
IN;Delhi;Chandni Chowk, Delhi - IITM;28.656756, 77.227234;SO2;caaqm;µg/m³;1.32;2022-08-02T16:00:00+05:30;India
IN;Delhi;Punjabi Bagh, Delhi - DPCC;;CO;data.gov.in;µg/m³;56000.0;2022-03-25T05:00:00+05:30;India
IN;Delhi;Jahangirpuri, Delhi - DPCC;;O3;data.gov.in;µg/m³;15.0;2022-03-25T05:00:00+05:30;India
IN;Delhi;Patparganj, Delhi - DPCC;;SO2;data.gov.in;µg/m³;33.0;2022-03-25T05:00:00+05:30;India
IN;Delhi;Sonia Vihar, Delhi - DPCC;;O3;data.gov.in;µg/m³;8.0;2022-03-25T05:00:00+05:30;India
IN;Delhi;Anand Vihar, Delhi - DPCC;;PM2.5;data.gov.in;µg/m³;224.0;2022-03-25T05:00:00+05:30;India
IN;Delhi;Major Dhyan Chand National Stadium, Delhi - DPCC;;PM10;data.gov.in;µg/m³;240.0;2022-03-25T05:00:00+05:30;India
IN;Delhi;Najafgarh, Delhi - DPCC;;O3;data.gov.in;µg/m³;3.0;2022-03-25T05:00:00+05:30;India
IN;Delhi;Burari Crossing, Delhi - IMD;;CO;data.gov.in;µg/m³;105000.0;2022-03-25T05:00:00+05:30;India
IN;Delhi;DTU, Delhi - CPCB;;O3;data.gov.in;µg/m³;4.0;2022-03-25T05:00:00+05:30;India
IN;Delhi;Pusa, Delhi - IMD;;PM2.5;data.gov.in;µg/m³;152.0;2022-03-25T05:00:00+05:30;India
IN;Delhi;Sri Aurobindo Marg, Delhi - DPCC;;PM10;data.gov.in;µg/m³;185.0;2022-03-25T05:00:00+05:30;India
IN;Delhi;Anand Vihar, Delhi - DPCC;28.646835, 77.316032;SO2;caaqm;µg/m³;2.4;2021-09-20T13:15:00+05:30;India
IN;Delhi;East Arjun Nagar, Delhi - CPCB;28.6556017, 77.2859318;NO2;caaqm;µg/m³;95.95;2020-02-10T08:30:00+05:30;India
IN;Delhi;ITO, Delhi - CPCB;28.6316945, 77.2494387;NO2;caaqm;µg/m³;22.17;2020-01-20T12:45:00+05:30;India
IN;Delhi;Okhla Phase-2, Delhi - DPCC;28.5366411, 77.2664587;PM2.5;caaqm;µg/m³;74.0;2018-05-13T15:30:00+05:30;India
IN;Delhi;Ashok Vihar, Delhi - DPCC;28.6957202, 77.1812947;NO2;caaqm;µg/m³;36.9;2018-05-12T10:00:00+05:30;India
IN;Delhi;Dwarka-Sector 8, Delhi - DPCC;28.5206826, 76.8023871;O3;caaqm;µg/m³;187.9;2018-05-12T10:30:00+05:30;India
IN;Delhi;Shadipur, Delhi - CPCB;28.6517, 77.1581;SO2;CPCB;µg/m³;13.43;2018-02-22T08:15:00+05:30;India
IN;Delhi;IGI Airport Terminal-3, Delhi - IMD;;PM2.5;CPCB;µg/m³;289.86;2018-02-22T04:45:00+05:30;India
IN;Delhi;Mandir Marg, Delhi - DPCC;28.6341, 77.2005;SO2;CPCB;µg/m³;14.47;2018-02-22T02:45:00+05:30;India
IN;Delhi;Civil Lines;28.6787, 77.2262;PM2.5;CPCB;µg/m³;48.99;2015-07-10T13:45:00+05:30;India
IN;Delhi;Narela, Delhi - DPCC;;O3;data.gov.in;µg/m³;22.0;2022-03-25T05:00:00+05:30;India
IN;Delhi;Patparganj, Delhi - DPCC;;O3;data.gov.in;µg/m³;12.0;2022-03-25T05:00:00+05:30;India
IN;Delhi;Nehru Nagar, Delhi - DPCC;;NO2;data.gov.in;µg/m³;94.0;2022-03-25T05:00:00+05:30;India
IN;Delhi;CRRI Mathura Road, Delhi - IMD;;CO;data.gov.in;µg/m³;94000.0;2022-03-25T05:00:00+05:30;India
IN;Delhi;DTU, Delhi - CPCB;;PM10;data.gov.in;µg/m³;235.0;2022-03-25T05:00:00+05:30;India
IN;Delhi;Shadipur, Delhi - CPCB;;PM2.5;data.gov.in;µg/m³;227.0;2022-03-25T05:00:00+05:30;India
IN;Delhi;Pusa, New Delhi - IMD;28.610304, 77.0996943;PM10;caaqm;µg/m³;50.37;2018-05-14T07:30:00+05:30;India
IN;Delhi;Punjabi Bagh, Delhi - DPCC;28.6670856, 77.1301247;PM10;caaqm;µg/m³;431.0;2018-05-13T17:00:00+05:30;India
IN;Delhi;Rohini, Delhi - DPCC;28.7407056, 77.0577492;PM2.5;caaqm;µg/m³;110.0;2018-05-12T12:00:00+05:30;India
IN;Delhi;Jahangirpuri, Delhi - DPCC;28.7258373, 77.1605631;SO2;caaqm;µg/m³;34.4;2018-05-12T10:00:00+05:30;India
IN;Delhi;Ashok Vihar, Delhi - DPCC;28.6957202, 77.1812947;PM2.5;caaqm;µg/m³;139.0;2018-05-12T11:30:00+05:30;India
IN;Delhi;Sonia Vihar, Delhi - DPCC;28.67795, 77.29868;CO;caaqm;µg/m³;0.6;2018-05-11T17:15:00+05:30;India
IN;Delhi;R K Puram, New Delhi - DPCC;28.5646102, 77.1670103;NO2;caaqm;µg/m³;81.4;2018-05-07T01:00:00+05:30;India
IN;Delhi;Major Dhyan Chand National Stadium, Delhi - DPCC;28.6125027, 77.2351994;SO2;caaqm;µg/m³;0.1;2018-05-12T10:00:00+05:30;India
IN;Delhi;Shadipur, Delhi - CPCB;28.6517, 77.1581;O3;CPCB;µg/m³;3.17;2018-02-22T08:15:00+05:30;India
IN;Delhi;R K Puram, Delhi - DPCC;28.5648, 77.1744;PM10;CPCB;µg/m³;339.0;2018-02-22T02:45:00+05:30;India
IN;Delhi;Sirifort, Delhi - CPCB;28.5504249, 77.2159377;PM10;caaqm;µg/m³;979.0;2022-10-31T07:15:00+05:30;India
IN;Delhi;CRRI Mathura Road, Delhi - IMD;28.5512005, 77.2735737;O3;caaqm;µg/m³;28.31;2022-10-31T06:45:00+05:30;India
IN;Delhi;Major Dhyan Chand National Stadium, Delhi - DPCC;28.611281, 77.237738;O3;caaqm;µg/m³;1.0;2022-10-31T06:15:00+05:30;India
IN;Delhi;Rohini, Delhi - DPCC;28.732528, 77.11992;PM2.5;caaqm;µg/m³;238.0;2022-10-31T06:15:00+05:30;India
IN;Delhi;IGI Airport (T3), Delhi - IMD;28.5627763, 77.1180053;O3;caaqm;µg/m³;7.32;2022-10-16T21:30:00+05:30;India
IN;Delhi;Burari Crossing, Delhi - IMD;28.7256504, 77.2011573;NO2;caaqm;µg/m³;0.0;2022-08-03T16:30:00+05:30;India
IN;Delhi;Narela, Delhi - DPCC;;PM2.5;data.gov.in;µg/m³;196.0;2022-03-25T05:00:00+05:30;India
IN;Delhi;Jahangirpuri, Delhi - DPCC;;NO2;data.gov.in;µg/m³;67.0;2022-03-25T05:00:00+05:30;India
IN;Delhi;Rohini, Delhi - DPCC;;SO2;data.gov.in;µg/m³;13.0;2022-03-25T05:00:00+05:30;India
IN;Delhi;Alipur, Delhi - DPCC;;PM2.5;data.gov.in;µg/m³;243.0;2022-03-25T05:00:00+05:30;India
IN;Delhi;Sirifort, Delhi - CPCB;;CO;data.gov.in;µg/m³;141000.0;2022-03-25T05:00:00+05:30;India
IN;Delhi;Jawaharlal Nehru Stadium, Delhi - DPCC;28.5828503, 77.2321778;PM10;caaqm;µg/m³;378.0;2018-05-12T12:00:00+05:30;India
IN;Delhi;Jawaharlal Nehru Stadium, Delhi - DPCC;28.5828503, 77.2321778;CO;caaqm;µg/m³;900.0;2018-05-10T15:00:00+05:30;India
IN;Delhi;R K Puram, New Delhi - DPCC;28.5646102, 77.1670103;PM2.5;caaqm;µg/m³;213.0;2018-05-12T10:15:00+05:30;India
IN;Delhi;R K Puram, New Delhi - DPCC;28.5646102, 77.1670103;SO2;caaqm;µg/m³;18.4;2018-05-07T01:00:00+05:30;India
IN;Delhi;Dr. Karni Singh Shooting Range, Delhi - DPCC;28.4997315, 77.2649067;SO2;caaqm;µg/m³;29.0;2018-05-09T16:30:00+05:30;India
IN;Delhi;Delhi Technological University, Delhi - CPCB;28.744, 77.12;NO2;CPCB;µg/m³;40.3;2018-02-22T09:30:00+05:30;India
IN;Delhi;IHBAS, Delhi - CPCB;28.6821, 77.305;PM2.5;CPCB;µg/m³;11.9;2018-02-22T08:15:00+05:30;India
IN;Delhi;Anand Vihar, Delhi - DPCC;28.6508, 77.3152;PM10;CPCB;µg/m³;670.0;2018-02-22T02:45:00+05:30;India
IN;Delhi;IGI Airport;28.56, 77.094;CO;CPCB;µg/m³;910.0;2015-07-10T12:00:00+05:30;India
IN;Delhi;CRRI Mathura Road, Delhi - IMD;28.5512005, 77.2735737;NO2;caaqm;µg/m³;3.52;2022-10-31T06:45:00+05:30;India
IN;Delhi;Wazirpur, Delhi - DPCC;28.699793, 77.165453;PM10;caaqm;µg/m³;337.0;2022-10-31T06:15:00+05:30;India
IN;Delhi;Vivek Vihar, Delhi - DPCC;;SO2;data.gov.in;µg/m³;12.0;2022-03-25T05:00:00+05:30;India
IN;Delhi;Jahangirpuri, Delhi - DPCC;;PM2.5;data.gov.in;µg/m³;248.0;2022-03-25T05:00:00+05:30;India
IN;Delhi;Jahangirpuri, Delhi - DPCC;;SO2;data.gov.in;µg/m³;26.0;2022-03-25T05:00:00+05:30;India
IN;Delhi;Major Dhyan Chand National Stadium, Delhi - DPCC;;O3;data.gov.in;µg/m³;2.0;2022-03-25T05:00:00+05:30;India
IN;Delhi;Alipur, Delhi - DPCC;;PM10;data.gov.in;µg/m³;265.0;2022-03-25T05:00:00+05:30;India
IN;Delhi;Alipur, Delhi - DPCC;;CO;data.gov.in;µg/m³;52000.0;2022-03-25T05:00:00+05:30;India
IN;Delhi;IGI Airport (T3), Delhi - IMD;;O3;data.gov.in;µg/m³;8.0;2022-03-25T05:00:00+05:30;India
IN;Delhi;Mandir Marg, Delhi - DPCC;;SO2;data.gov.in;µg/m³;25.0;2022-03-25T05:00:00+05:30;India
IN;Delhi;Sri Aurobindo Marg, Delhi - DPCC;;O3;data.gov.in;µg/m³;1.0;2022-03-25T05:00:00+05:30;India
IN;Delhi;Anand Vihar, Delhi - DPCC;28.646835, 77.316032;PM2.5;caaqm;µg/m³;50.0;2021-09-20T11:15:00+05:30;India
IN;Delhi;Jahangirpuri, Delhi - DPCC;28.7258373, 77.1605631;O3;caaqm;µg/m³;64.2;2018-05-12T10:00:00+05:30;India
IN;Delhi;Dwarka-Sector 8, Delhi - DPCC;28.5206826, 76.8023871;PM2.5;caaqm;µg/m³;67.0;2018-05-11T18:00:00+05:30;India
IN;Delhi;Dr. Karni Singh Shooting Range, Delhi - DPCC;28.4997315, 77.2649067;O3;caaqm;µg/m³;3.0;2018-05-09T16:30:00+05:30;India
IN;Delhi;Mandir Marg, New Delhi - DPCC;28.6372688, 77.2005604;SO2;caaqm;µg/m³;18.0;2018-05-10T13:00:00+05:30;India
IN;Delhi;Major Dhyan Chand National Stadium, Delhi - DPCC;28.6125027, 77.2351994;PM2.5;caaqm;µg/m³;62.0;2018-05-10T15:00:00+05:30;India
IN;Delhi;Anand Vihar, Delhi - DPCC;28.6508, 77.3152;PM2.5;CPCB;µg/m³;271.0;2018-02-22T02:45:00+05:30;India
IN;Delhi;Mandir Marg, Delhi - DPCC;28.6341, 77.2005;O3;CPCB;µg/m³;2.6;2018-02-22T02:45:00+05:30;India
IN;Delhi;Lodhi Road, Delhi - IMD;;NO2;CPCB;µg/m³;19.75;2018-02-22T02:30:00+05:30;India
IN;Delhi;NSIT Dwarka, Delhi - CPCB;28.60909, 77.0325413;PM2.5;caaqm;µg/m³;208.4;2022-10-31T07:30:00+05:30;India
IN;Delhi;Shadipur, Delhi - CPCB;28.6514781, 77.1473105;PM2.5;caaqm;µg/m³;139.2;2022-10-31T07:30:00+05:30;India
IN;Delhi;Dwarka-Sector 8, Delhi - DPCC;28.5710274, 77.0719006;O3;caaqm;µg/m³;3.1;2022-10-31T06:15:00+05:30;India
IN;Delhi;Vivek Vihar, Delhi - DPCC;28.672342, 77.31526;O3;caaqm;µg/m³;9.0;2022-10-31T06:15:00+05:30;India
IN;Delhi;Sonia Vihar, Delhi - DPCC;28.710508, 77.249485;SO2;caaqm;µg/m³;6.0;2022-10-31T06:15:00+05:30;India
IN;Delhi;Wazirpur, Delhi - DPCC;28.699793, 77.165453;NO2;caaqm;µg/m³;32.8;2022-10-31T06:15:00+05:30;India
IN;Delhi;Mundka, Delhi - DPCC;28.684678, 77.076574;NO2;caaqm;µg/m³;65.9;2022-10-31T06:15:00+05:30;India
IN;Delhi;Rohini, Delhi - DPCC;28.732528, 77.11992;NO2;caaqm;µg/m³;34.1;2022-10-31T06:15:00+05:30;India
IN;Delhi;Alipur, Delhi - DPCC;28.815329, 77.15301;SO2;caaqm;µg/m³;6.3;2022-10-16T20:45:00+05:30;India
IN;Delhi;Vivek Vihar, Delhi - DPCC;;O3;data.gov.in;µg/m³;6.0;2022-03-25T05:00:00+05:30;India
IN;Delhi;Ashok Vihar, Delhi - DPCC;;PM2.5;data.gov.in;µg/m³;179.0;2022-03-25T05:00:00+05:30;India
IN;Delhi;ITO, Delhi - CPCB;;NO2;data.gov.in;µg/m³;43.0;2022-03-25T05:00:00+05:30;India
IN;Delhi;Lodhi Road, Delhi - IITM;;SO2;data.gov.in;µg/m³;14.0;2022-03-25T05:00:00+05:30;India
IN;Delhi;Lodhi Road, Delhi - IITM;;PM2.5;data.gov.in;µg/m³;181.0;2022-03-25T05:00:00+05:30;India
IN;Delhi;Pusa, Delhi - DPCC;;SO2;data.gov.in;µg/m³;12.0;2022-03-25T05:00:00+05:30;India
IN;Delhi;Sirifort, Delhi - CPCB;;O3;data.gov.in;µg/m³;7.0;2022-03-25T05:00:00+05:30;India
IN;Delhi;R K Puram, New Delhi - DPCC;28.5646102, 77.1670103;O3;caaqm;µg/m³;8.7;2018-05-07T01:00:00+05:30;India
IN;Delhi;R K Puram, Delhi - DPCC;28.5648, 77.1744;PM2.5;CPCB;µg/m³;201.0;2018-02-22T02:45:00+05:30;India
IN;Delhi;Punjabi Bagh, Delhi - DPCC;28.6683, 77.1167;PM10;CPCB;µg/m³;322.0;2018-02-22T02:45:00+05:30;India
IN;Delhi;Punjabi Bagh, Delhi - DPCC;28.6683, 77.1167;CO;CPCB;µg/m³;9.2;2018-02-22T02:45:00+05:30;India
IN;Delhi;Pusa, Delhi - IMD;;NO2;CPCB;µg/m³;27.68;2018-02-21T12:30:00+05:30;India
IN;Delhi;North Campus, DU, Delhi - IMD;28.6573814, 77.1585447;PM2.5;caaqm;µg/m³;147.6;2022-10-31T07:30:00+05:30;India
IN;Delhi;IHBAS, Dilshad Garden, Delhi - CPCB;28.6811736, 77.3025234;NO2;caaqm;µg/m³;11.42;2022-10-31T07:15:00+05:30;India
IN;Delhi;IHBAS, Dilshad Garden, Delhi - CPCB;28.6811736, 77.3025234;CO;caaqm;µg/m³;1750.0;2022-10-31T07:15:00+05:30;India
IN;Delhi;ITO, Delhi - CPCB;28.628624, 77.24106;PM10;caaqm;µg/m³;235.0;2022-10-31T07:15:00+05:30;India
IN;Delhi;ITO, Delhi - CPCB;28.628624, 77.24106;O3;caaqm;µg/m³;15.8;2022-10-31T07:15:00+05:30;India
IN;Delhi;Aya Nagar, Delhi - IMD;28.4706914, 77.1099364;CO;caaqm;µg/m³;1740.0;2022-10-31T06:45:00+05:30;India
IN;Delhi;Mandir Marg, Delhi - DPCC;28.636429, 77.201067;CO;caaqm;µg/m³;0.0;2022-10-31T06:15:00+05:30;India
IN;Delhi;Jawaharlal Nehru Stadium, Delhi - DPCC;28.58028, 77.233829;NO2;caaqm;µg/m³;88.7;2022-10-31T06:15:00+05:30;India
IN;Delhi;Jahangirpuri, Delhi - DPCC;28.73282, 77.170633;NO2;caaqm;µg/m³;82.5;2022-10-31T06:15:00+05:30;India
IN;Delhi;Nehru Nagar, Delhi - DPCC;28.56789, 77.250515;CO;caaqm;µg/m³;300.0;2022-10-31T06:15:00+05:30;India
IN;Delhi;Ashok Vihar, Delhi - DPCC;28.695381, 77.181665;PM10;caaqm;µg/m³;392.0;2022-10-31T06:15:00+05:30;India
IN;Delhi;Mundka, Delhi - DPCC;28.684678, 77.076574;CO;caaqm;µg/m³;600.0;2022-10-31T06:15:00+05:30;India
IN;Delhi;Rohini, Delhi - DPCC;28.732528, 77.11992;SO2;caaqm;µg/m³;0.5;2022-10-31T06:15:00+05:30;India
IN;Delhi;Dr. Karni Singh Shooting Range, Delhi - DPCC;;O3;data.gov.in;µg/m³;6.0;2022-03-25T05:00:00+05:30;India
IN;Delhi;Patparganj, Delhi - DPCC;;CO;data.gov.in;µg/m³;90000.0;2022-03-25T05:00:00+05:30;India
IN;Delhi;Rohini, Delhi - DPCC;;PM10;data.gov.in;µg/m³;264.0;2022-03-25T05:00:00+05:30;India
IN;Delhi;Major Dhyan Chand National Stadium, Delhi - DPCC;;CO;data.gov.in;µg/m³;65000.0;2022-03-25T05:00:00+05:30;India
IN;Delhi;ITO, Delhi - CPCB;;SO2;data.gov.in;µg/m³;30.0;2022-03-25T05:00:00+05:30;India
IN;Delhi;Pusa, Delhi - IMD;;CO;data.gov.in;µg/m³;56000.0;2022-03-25T05:00:00+05:30;India
IN;Delhi;Sri Aurobindo Marg, Delhi - DPCC;;CO;data.gov.in;µg/m³;56000.0;2022-03-25T05:00:00+05:30;India
IN;Delhi;Anand Vihar, Delhi - DPCC;28.646835, 77.316032;O3;caaqm;µg/m³;25.8;2021-09-20T13:15:00+05:30;India
IN;Delhi;Punjabi Bagh, Delhi - DPCC;28.6670856, 77.1301247;SO2;caaqm;µg/m³;54.4;2018-05-12T11:30:00+05:30;India
IN;Delhi;Punjabi Bagh, Delhi - DPCC;28.6670856, 77.1301247;CO;caaqm;µg/m³;2000.0;2018-05-12T11:30:00+05:30;India
IN;Delhi;Wazirpur, Delhi - DPCC;28.701616, 77.164238;CO;caaqm;µg/m³;0.6;2018-05-10T17:00:00+05:30;India
IN;Delhi;Mandir Marg, New Delhi - DPCC;28.6372688, 77.2005604;PM10;caaqm;µg/m³;251.0;2018-05-12T10:00:00+05:30;India
IN;Delhi;IHBAS, Delhi - CPCB;28.6821, 77.305;SO2;CPCB;µg/m³;6.42;2018-02-22T08:15:00+05:30;India
IN;Delhi;Burari Crossing, Delhi - IMD;;CO;CPCB;µg/m³;870.0;2018-02-22T04:45:00+05:30;India
IN;Delhi;Aya Nagar, Delhi - IMD;28.4706914, 77.1099364;PM10;caaqm;µg/m³;327.31;2022-10-31T06:45:00+05:30;India
IN;Delhi;Dwarka-Sector 8, Delhi - DPCC;28.5710274, 77.0719006;CO;caaqm;µg/m³;1400.0;2022-10-31T06:15:00+05:30;India
IN;Delhi;Vivek Vihar, Delhi - DPCC;28.672342, 77.31526;PM10;caaqm;µg/m³;421.0;2022-10-31T06:15:00+05:30;India
IN;Delhi;Okhla Phase-2, Delhi - DPCC;28.530785, 77.271255;NO2;caaqm;µg/m³;71.5;2022-10-31T06:15:00+05:30;India
IN;Delhi;Nehru Nagar, Delhi - DPCC;28.56789, 77.250515;PM2.5;caaqm;µg/m³;280.0;2022-10-31T06:15:00+05:30;India
IN;Delhi;Najafgarh, Delhi - DPCC;28.570173, 76.933762;CO;caaqm;µg/m³;1400.0;2022-10-31T06:15:00+05:30;India
IN;Delhi;Anand Vihar, Delhi - DPCC;28.647622, 77.315809;PM10;caaqm;µg/m³;504.0;2022-10-31T06:00:00+05:30;India
IN;Delhi;Alipur, Delhi - DPCC;28.815329, 77.15301;O3;caaqm;µg/m³;7.5;2022-10-31T06:00:00+05:30;India
IN;Delhi;Punjabi Bagh, Delhi - DPCC;28.674045, 77.131023;O3;caaqm;µg/m³;6.3;2022-10-16T19:45:00+05:30;India
IN;Delhi;Lodhi Road, Delhi - IITM;28.588333, 77.221667;NO2;caaqm;µg/m³;17.15;2022-08-02T15:00:00+05:30;India
IN;Delhi;Dr. Karni Singh Shooting Range, Delhi - DPCC;;CO;data.gov.in;µg/m³;54000.0;2022-03-25T05:00:00+05:30;India
IN;Delhi;Dwarka-Sector 8, Delhi - DPCC;;O3;data.gov.in;µg/m³;4.0;2022-03-25T05:00:00+05:30;India
IN;Delhi;Aya Nagar, Delhi - IMD;;O3;data.gov.in;µg/m³;22.0;2022-03-25T05:00:00+05:30;India
IN;Delhi;Bawana, Delhi - DPCC;;O3;data.gov.in;µg/m³;11.0;2022-03-25T05:00:00+05:30;India
IN;Delhi;CRRI Mathura Road, Delhi - IMD;;O3;data.gov.in;µg/m³;16.0;2022-03-25T05:00:00+05:30;India
IN;Delhi;CRRI Mathura Road, Delhi - IMD;;NO2;data.gov.in;µg/m³;25.0;2022-03-25T05:00:00+05:30;India
IN;Delhi;IHBAS, Dilshad Garden, Delhi - CPCB;;NO2;data.gov.in;µg/m³;95.0;2022-03-25T05:00:00+05:30;India
IN;Delhi;North Campus, DU, Delhi - IMD;;CO;data.gov.in;µg/m³;122000.0;2022-03-25T05:00:00+05:30;India
IN;Delhi;Pusa, Delhi - DPCC;;O3;data.gov.in;µg/m³;5.0;2022-03-25T05:00:00+05:30;India
IN;Delhi;Sri Aurobindo Marg, Delhi - DPCC;;NO2;data.gov.in;µg/m³;32.0;2022-03-25T05:00:00+05:30;India
IN;Delhi;Anand Vihar, Delhi - DPCC;28.646835, 77.316032;CO;caaqm;µg/m³;2800.0;2021-09-20T13:15:00+05:30;India
IN;Delhi;Pusa, New Delhi - IMD;28.610304, 77.0996943;PM2.5;caaqm;µg/m³;0.0;2018-05-14T07:30:00+05:30;India
IN;Delhi;Najafgarh, Delhi - DPCC;28.5108561, 76.7093948;SO2;caaqm;µg/m³;8.2;2018-05-12T11:30:00+05:30;India
IN;Delhi;Dwarka-Sector 8, Delhi - DPCC;28.5206826, 76.8023871;PM10;caaqm;µg/m³;250.0;2018-05-11T18:00:00+05:30;India
IN;Delhi;R K Puram, New Delhi - DPCC;28.5646102, 77.1670103;PM10;caaqm;µg/m³;296.0;2018-05-12T10:15:00+05:30;India
IN;Delhi;Major Dhyan Chand National Stadium, Delhi - DPCC;28.6125027, 77.2351994;PM10;caaqm;µg/m³;155.0;2018-05-10T15:00:00+05:30;India
IN;Delhi;IHBAS, Dilshad Garden,New Delhi - CPCB;28.6802747, 77.2011573;PM2.5;caaqm;µg/m³;104.4;2018-04-28T20:00:00+05:30;India
IN;Delhi;North Campus, Delhi - IMD;;PM10;CPCB;µg/m³;197.81;2018-02-22T04:30:00+05:30;India
IN;Delhi;Anand Vihar, Delhi - DPCC;28.6508, 77.3152;CO;CPCB;µg/m³;1300.0;2016-03-21T20:15:00+05:30;India
IN;Delhi;Punjabi Bagh, Delhi - DPCC;28.674045, 77.131023;CO;caaqm;µg/m³;1500.0;2022-10-16T19:45:00+05:30;India
IN;Delhi;Chandni Chowk, Delhi - IITM;28.656756, 77.227234;PM2.5;caaqm;µg/m³;44.7;2022-08-02T16:00:00+05:30;India
IN;Delhi;Shadipur, Delhi - CPCB;28.6514781, 77.1473105;PM10;caaqm;µg/m³;833.9;2022-10-31T07:30:00+05:30;India
IN;Delhi;DTU, Delhi - CPCB;28.7500499, 77.1112615;PM10;caaqm;µg/m³;379.0;2022-10-31T07:15:00+05:30;India
IN;Delhi;Pusa, Delhi - DPCC;28.639645, 77.146262;O3;caaqm;µg/m³;1.5;2022-10-31T06:15:00+05:30;India
IN;Delhi;Dwarka-Sector 8, Delhi - DPCC;28.5710274, 77.0719006;PM10;caaqm;µg/m³;423.0;2022-10-31T06:15:00+05:30;India
IN;Delhi;Okhla Phase-2, Delhi - DPCC;28.530785, 77.271255;CO;caaqm;µg/m³;3000.0;2022-10-31T06:15:00+05:30;India
IN;Delhi;Nehru Nagar, Delhi - DPCC;28.56789, 77.250515;O3;caaqm;µg/m³;6.8;2022-10-31T06:15:00+05:30;India
IN;Delhi;Bawana, Delhi - DPCC;28.7762, 77.051074;O3;caaqm;µg/m³;4.6;2022-10-31T06:15:00+05:30;India
IN;Delhi;Najafgarh, Delhi - DPCC;28.570173, 76.933762;PM2.5;caaqm;µg/m³;204.0;2022-10-31T06:15:00+05:30;India
IN;Delhi;Vivek Vihar, Delhi - DPCC;;PM2.5;data.gov.in;µg/m³;227.0;2022-03-25T05:00:00+05:30;India
IN;Delhi;Narela, Delhi - DPCC;;NO2;data.gov.in;µg/m³;43.0;2022-03-25T05:00:00+05:30;India
IN;Delhi;Punjabi Bagh, Delhi - DPCC;;PM2.5;data.gov.in;µg/m³;242.0;2022-03-25T05:00:00+05:30;India
IN;Delhi;Okhla Phase-2, Delhi - DPCC;;PM10;data.gov.in;µg/m³;258.0;2022-03-25T05:00:00+05:30;India
IN;Delhi;ITO, Delhi - CPCB;28.6316945, 77.2494387;O3;caaqm;µg/m³;28.7;2020-01-20T12:45:00+05:30;India
IN;Delhi;Okhla Phase-2, Delhi - DPCC;28.5366411, 77.2664587;PM10;caaqm;µg/m³;233.0;2018-05-13T15:30:00+05:30;India
IN;Delhi;Nehru Nagar, Delhi - DPCC;28.5639543, 77.2587868;NO2;caaqm;µg/m³;19.1;2018-05-12T11:30:00+05:30;India
IN;Delhi;Vivek Vihar, Delhi - DPCC;28.6687803, 77.3130982;PM10;caaqm;µg/m³;416.0;2018-05-12T11:30:00+05:30;India
IN;Delhi;Vivek Vihar, Delhi - DPCC;28.6687803, 77.3130982;CO;caaqm;µg/m³;700.0;2018-05-10T14:30:00+05:30;India
IN;Delhi;Delhi Technological University, Delhi - CPCB;28.744, 77.12;O3;CPCB;µg/m³;2.0;2015-04-09T11:30:00+05:30;India
IN;Delhi;Siri Fort;;PM2.5;CPCB;µg/m³;61.0;2017-11-28T16:00:00+05:30;India
IN;Delhi;Pusa2 IMD;;PM2.5;CPCB;µg/m³;361.89;2017-11-07T13:15:00+05:30;India
IN;Delhi;US Diplomatic Post: New Delhi;28.598096, 77.189066;PM2.5;StateAir_NewDelhi;µg/m³;241.0;2016-11-09T22:00:00+05:30;India
IN;Delhi;ITO, Delhi - CPCB;28.628624, 77.24106;PM2.5;caaqm;µg/m³;188.0;2022-10-31T07:15:00+05:30;India
IN;Delhi;Patparganj, Delhi - DPCC;28.623763, 77.287209;NO2;caaqm;µg/m³;89.7;2022-10-31T06:15:00+05:30;India
IN;Delhi;Jahangirpuri, Delhi - DPCC;28.73282, 77.170633;SO2;caaqm;µg/m³;12.6;2022-10-31T06:15:00+05:30;India
IN;Delhi;Bawana, Delhi - DPCC;28.7762, 77.051074;NO2;caaqm;µg/m³;22.8;2022-10-31T06:15:00+05:30;India
IN;Delhi;Narela, Delhi - DPCC;28.822836, 77.101981;PM10;caaqm;µg/m³;429.0;2022-10-31T06:15:00+05:30;India
IN;Delhi;Dr. Karni Singh Shooting Range, Delhi - DPCC;28.498571, 77.26484;PM10;caaqm;µg/m³;354.0;2022-10-31T06:00:00+05:30;India
IN;Delhi;IGI Airport (T3), Delhi - IMD;28.5627763, 77.1180053;CO;caaqm;µg/m³;50.0;2022-10-16T21:30:00+05:30;India
IN;Delhi;Punjabi Bagh, Delhi - DPCC;28.674045, 77.131023;PM2.5;caaqm;µg/m³;68.0;2022-10-16T19:45:00+05:30;India
IN;Delhi;Dr. Karni Singh Shooting Range, Delhi - DPCC;;PM2.5;data.gov.in;µg/m³;174.0;2022-03-25T05:00:00+05:30;India
IN;Delhi;Punjabi Bagh, Delhi - DPCC;;SO2;data.gov.in;µg/m³;28.0;2022-03-25T05:00:00+05:30;India
IN;Delhi;Ashok Vihar, Delhi - DPCC;;PM10;data.gov.in;µg/m³;238.0;2022-03-25T05:00:00+05:30;India
IN;Delhi;Sonia Vihar, Delhi - DPCC;;SO2;data.gov.in;µg/m³;16.0;2022-03-25T05:00:00+05:30;India
IN;Delhi;Nehru Nagar, Delhi - DPCC;;PM10;data.gov.in;µg/m³;251.0;2022-03-25T05:00:00+05:30;India
IN;Delhi;Najafgarh, Delhi - DPCC;;PM2.5;data.gov.in;µg/m³;143.0;2022-03-25T05:00:00+05:30;India
IN;Delhi;Alipur, Delhi - DPCC;;SO2;data.gov.in;µg/m³;18.0;2022-03-25T05:00:00+05:30;India
IN;Delhi;Bawana, Delhi - DPCC;;NO2;data.gov.in;µg/m³;16.0;2022-03-25T05:00:00+05:30;India
IN;Delhi;DTU, Delhi - CPCB;;NO2;data.gov.in;µg/m³;17.0;2022-03-25T05:00:00+05:30;India
IN;Delhi;IHBAS, Dilshad Garden, Delhi - CPCB;;PM2.5;data.gov.in;µg/m³;202.0;2022-03-25T05:00:00+05:30;India
IN;Delhi;IHBAS, Dilshad Garden, Delhi - CPCB;;PM10;data.gov.in;µg/m³;237.0;2022-03-25T05:00:00+05:30;India
IN;Delhi;NSIT Dwarka, Delhi - CPCB;;O3;data.gov.in;µg/m³;17.0;2022-03-25T05:00:00+05:30;India
IN;Delhi;NSIT Dwarka, Delhi - CPCB;;PM2.5;data.gov.in;µg/m³;361.0;2022-03-25T05:00:00+05:30;India
IN;Delhi;Sri Aurobindo Marg, Delhi - DPCC;;PM2.5;data.gov.in;µg/m³;143.0;2022-03-25T05:00:00+05:30;India
IN;Delhi;Okhla Phase-2, Delhi - DPCC;28.5366411, 77.2664587;SO2;caaqm;µg/m³;17.4;2018-05-12T11:00:00+05:30;India
IN;Delhi;Nehru Nagar, Delhi - DPCC;28.5639543, 77.2587868;PM10;caaqm;µg/m³;180.0;2018-05-13T15:30:00+05:30;India
IN;Delhi;Wazirpur, Delhi - DPCC;28.701616, 77.164238;NO2;caaqm;µg/m³;20.3;2018-05-10T17:00:00+05:30;India
IN;Delhi;Narela, Delhi - DPCC;28.8446874, 77.0332666;NO2;caaqm;µg/m³;38.2;2018-05-12T10:00:00+05:30;India
IN;Delhi;IHBAS, Delhi - CPCB;28.6821, 77.305;CO;CPCB;µg/m³;2500.0;2018-02-22T08:15:00+05:30;India
IN;Delhi;Burari Crossing, Delhi - IMD;;PM10;CPCB;µg/m³;126.44;2018-02-22T04:45:00+05:30;India
IN;Delhi;North Campus, Delhi - IMD;;NO2;CPCB;µg/m³;15.61;2018-02-22T04:30:00+05:30;India
IN;Delhi;East Arjun Nagar;;O3;CPCB;µg/m³;11.09;2016-04-05T14:30:00+05:30;India
IN;Delhi;DTU, Delhi - CPCB;28.7500499, 77.1112615;SO2;caaqm;µg/m³;14.3;2022-10-31T07:15:00+05:30;India
IN;Delhi;DTU, Delhi - CPCB;28.7500499, 77.1112615;O3;caaqm;µg/m³;14.3;2022-10-31T07:15:00+05:30;India
IN;Delhi;Sonia Vihar, Delhi - DPCC;28.710508, 77.249485;PM10;caaqm;µg/m³;427.0;2022-10-31T06:15:00+05:30;India
IN;Delhi;Sri Aurobindo Marg, Delhi - DPCC;28.531346, 77.190156;PM2.5;caaqm;µg/m³;232.0;2022-10-31T06:15:00+05:30;India
IN;Delhi;Sri Aurobindo Marg, Delhi - DPCC;28.531346, 77.190156;NO2;caaqm;µg/m³;25.4;2022-10-31T06:15:00+05:30;India
IN;Delhi;IGI Airport (T3), Delhi - IMD;28.5627763, 77.1180053;PM2.5;caaqm;µg/m³;107.56;2022-10-16T20:30:00+05:30;India
IN;Delhi;Punjabi Bagh, Delhi - DPCC;28.674045, 77.131023;NO2;caaqm;µg/m³;54.7;2022-10-16T19:45:00+05:30;India
IN;Delhi;Ashok Vihar, Delhi - DPCC;;NO2;data.gov.in;µg/m³;95.0;2022-03-25T05:00:00+05:30;India
IN;Delhi;Ashok Vihar, Delhi - DPCC;;O3;data.gov.in;µg/m³;11.0;2022-03-25T05:00:00+05:30;India
IN;Delhi;Okhla Phase-2, Delhi - DPCC;;NO2;data.gov.in;µg/m³;101.0;2022-03-25T05:00:00+05:30;India
IN;Delhi;Okhla Phase-2, Delhi - DPCC;;PM2.5;data.gov.in;µg/m³;177.0;2022-03-25T05:00:00+05:30;India
IN;Delhi;Sonia Vihar, Delhi - DPCC;;CO;data.gov.in;µg/m³;89000.0;2022-03-25T05:00:00+05:30;India
IN;Delhi;Najafgarh, Delhi - DPCC;;PM10;data.gov.in;µg/m³;190.0;2022-03-25T05:00:00+05:30;India
IN;Delhi;Pusa, New Delhi - IMD;28.610304, 77.0996943;O3;caaqm;µg/m³;17.53;2018-05-14T07:30:00+05:30;India
IN;Delhi;Okhla Phase-2, Delhi - DPCC;28.5366411, 77.2664587;NO2;caaqm;µg/m³;14.1;2018-05-12T11:00:00+05:30;India
IN;Delhi;Najafgarh, Delhi - DPCC;28.5108561, 76.7093948;PM2.5;caaqm;µg/m³;105.0;2018-05-12T11:00:00+05:30;India
IN;Delhi;Najafgarh, Delhi - DPCC;28.5108561, 76.7093948;PM10;caaqm;µg/m³;356.0;2018-05-12T11:00:00+05:30;India
IN;Delhi;Income Tax Office, Delhi - CPCB;28.6235, 77.2494;NO2;CPCB;µg/m³;132.1;2018-02-22T09:15:00+05:30;India
IN;Delhi;Punjabi Bagh, Delhi - DPCC;28.6683, 77.1167;PM2.5;CPCB;µg/m³;183.0;2018-02-22T02:45:00+05:30;India
IN;Delhi;IGI Airport;28.56, 77.094;PM2.5;CPCB;µg/m³;56.82;2015-07-10T12:00:00+05:30;India
IN;Delhi;Pusa, Delhi - DPCC;28.639645, 77.146262;CO;caaqm;µg/m³;1800.0;2022-10-31T06:15:00+05:30;India
IN;Delhi;Vivek Vihar, Delhi - DPCC;28.672342, 77.31526;PM2.5;caaqm;µg/m³;287.0;2022-10-31T06:15:00+05:30;India
IN;Delhi;Patparganj, Delhi - DPCC;28.623763, 77.287209;O3;caaqm;µg/m³;1.4;2022-10-31T06:15:00+05:30;India
IN;Delhi;Patparganj, Delhi - DPCC;28.623763, 77.287209;PM2.5;caaqm;µg/m³;256.0;2022-10-31T06:15:00+05:30;India
IN;Delhi;Jahangirpuri, Delhi - DPCC;28.73282, 77.170633;CO;caaqm;µg/m³;700.0;2022-10-31T06:15:00+05:30;India
IN;Delhi;Jahangirpuri, Delhi - DPCC;28.73282, 77.170633;PM2.5;caaqm;µg/m³;250.0;2022-10-31T06:15:00+05:30;India
IN;Delhi;Bawana, Delhi - DPCC;28.7762, 77.051074;CO;caaqm;µg/m³;1300.0;2022-10-31T06:15:00+05:30;India
IN;Delhi;Sonia Vihar, Delhi - DPCC;28.710508, 77.249485;PM2.5;caaqm;µg/m³;310.0;2022-10-31T06:15:00+05:30;India
IN;Delhi;Wazirpur, Delhi - DPCC;28.699793, 77.165453;O3;caaqm;µg/m³;5.1;2022-10-31T06:15:00+05:30;India
IN;Delhi;Wazirpur, Delhi - DPCC;28.699793, 77.165453;CO;caaqm;µg/m³;0.1;2022-10-31T04:30:00+05:30;India
IN;Delhi;Ashok Vihar, Delhi - DPCC;28.695381, 77.181665;SO2;caaqm;µg/m³;0.9;2022-10-31T06:15:00+05:30;India
IN;Delhi;Vivek Vihar, Delhi - DPCC;;PM10;data.gov.in;µg/m³;273.0;2022-03-25T05:00:00+05:30;India
IN;Delhi;Punjabi Bagh, Delhi - DPCC;;NO2;data.gov.in;µg/m³;59.0;2022-03-25T05:00:00+05:30;India
IN;Delhi;Major Dhyan Chand National Stadium, Delhi - DPCC;;PM2.5;data.gov.in;µg/m³;185.0;2022-03-25T05:00:00+05:30;India
IN;Delhi;Major Dhyan Chand National Stadium, Delhi - DPCC;;SO2;data.gov.in;µg/m³;7.0;2022-03-25T05:00:00+05:30;India
IN;Delhi;Aya Nagar, Delhi - IMD;;PM2.5;data.gov.in;µg/m³;127.0;2022-03-25T05:00:00+05:30;India
IN;Delhi;Aya Nagar, Delhi - IMD;;CO;data.gov.in;µg/m³;42000.0;2022-03-25T05:00:00+05:30;India
IN;Delhi;IHBAS, Dilshad Garden, Delhi - CPCB;;CO;data.gov.in;µg/m³;73000.0;2022-03-25T05:00:00+05:30;India
IN;Delhi;Pusa, Delhi - DPCC;;CO;data.gov.in;µg/m³;57000.0;2022-03-25T05:00:00+05:30;India
IN;Delhi;Pusa, Delhi - IMD;;PM10;data.gov.in;µg/m³;182.0;2022-03-25T05:00:00+05:30;India
IN;Delhi;ITO, Delhi - CPCB;28.6316945, 77.2494387;CO;caaqm;µg/m³;1450.0;2020-01-20T12:45:00+05:30;India
IN;Delhi;Patparganj, Delhi - DPCC;28.6310495, 77.2846218;PM10;caaqm;µg/m³;149.0;2018-05-13T17:00:00+05:30;India
IN;Delhi;Nehru Nagar, Delhi - DPCC;28.5639543, 77.2587868;CO;caaqm;µg/m³;1200.0;2018-05-12T11:30:00+05:30;India
IN;Delhi;Mandir Marg, New Delhi - DPCC;28.6372688, 77.2005604;NO2;caaqm;µg/m³;26.9;2018-05-10T13:00:00+05:30;India
IN;Delhi;Major Dhyan Chand National Stadium, Delhi - DPCC;28.6125027, 77.2351994;NO2;caaqm;µg/m³;87.4;2018-05-12T10:00:00+05:30;India
IN;Delhi;NSIT Dwarka, Delhi - CPCB;28.591, 77.05;NO2;CPCB;µg/m³;31.7;2018-02-22T09:30:00+05:30;India
IN;Delhi;Shadipur, Delhi - CPCB;28.6517, 77.1581;CO;CPCB;µg/m³;2140.0;2018-02-22T08:15:00+05:30;India
IN;Delhi;Pusa, Delhi - IMD;;PM10;CPCB;µg/m³;168.88;2018-02-21T12:30:00+05:30;India
IN;Delhi;NSIT Dwarka, Delhi - CPCB;28.60909, 77.0325413;CO;caaqm;µg/m³;860.0;2022-10-31T07:30:00+05:30;India
IN;Delhi;Dwarka-Sector 8, Delhi - DPCC;28.5710274, 77.0719006;SO2;caaqm;µg/m³;1.7;2022-10-31T06:15:00+05:30;India
IN;Delhi;Mundka, Delhi - DPCC;28.684678, 77.076574;PM2.5;caaqm;µg/m³;239.0;2022-10-31T06:15:00+05:30;India
IN;Delhi;Chandni Chowk, Delhi - IITM;28.656756, 77.227234;O3;caaqm;µg/m³;13.38;2022-08-02T16:00:00+05:30;India
IN;Delhi;Lodhi Road, Delhi - IITM;28.588333, 77.221667;PM10;caaqm;µg/m³;78.9;2022-08-02T15:00:00+05:30;India
IN;Delhi;Narela, Delhi - DPCC;;PM10;data.gov.in;µg/m³;255.0;2022-03-25T05:00:00+05:30;India
IN;Delhi;Okhla Phase-2, Delhi - DPCC;;CO;data.gov.in;µg/m³;69000.0;2022-03-25T05:00:00+05:30;India
IN;Delhi;Rohini, Delhi - DPCC;;NO2;data.gov.in;µg/m³;21.0;2022-03-25T05:00:00+05:30;India
IN;Delhi;Wazirpur, Delhi - DPCC;;PM2.5;data.gov.in;µg/m³;212.0;2022-03-25T05:00:00+05:30;India
IN;Delhi;Jawaharlal Nehru Stadium, Delhi - DPCC;;PM10;data.gov.in;µg/m³;189.0;2022-03-25T05:00:00+05:30;India
IN;Delhi;IHBAS, Dilshad Garden, Delhi - CPCB;;O3;data.gov.in;µg/m³;17.0;2022-03-25T05:00:00+05:30;India
IN;Delhi;Lodhi Road, Delhi - IMD;;O3;data.gov.in;µg/m³;4.0;2022-03-25T05:00:00+05:30;India
IN;Delhi;Okhla Phase-2, Delhi - DPCC;28.5366411, 77.2664587;CO;caaqm;µg/m³;1400.0;2018-05-12T11:00:00+05:30;India
IN;Delhi;Jawaharlal Nehru Stadium, Delhi - DPCC;28.5828503, 77.2321778;PM2.5;caaqm;µg/m³;152.0;2018-05-12T12:00:00+05:30;India
IN;Delhi;Ashok Vihar, Delhi - DPCC;28.6957202, 77.1812947;O3;caaqm;µg/m³;131.7;2018-05-12T10:00:00+05:30;India
IN;Delhi;Narela, Delhi - DPCC;28.8446874, 77.0332666;SO2;caaqm;µg/m³;15.5;2018-05-12T10:00:00+05:30;India
IN;Delhi;Punjabi Bagh, Delhi - DPCC;28.6683, 77.1167;NO2;CPCB;µg/m³;92.9;2018-02-22T02:15:00+05:30;India
IN;Delhi;Sirifort, Delhi - CPCB;;PM2.5;CPCB;µg/m³;69.0;2018-02-21T13:00:00+05:30;India
IN;Delhi;North Campus, DU, Delhi - IMD;28.6573814, 77.1585447;O3;caaqm;ppm;0.01087;2022-10-31T07:30:00+05:30;India
IN;Delhi;Jawaharlal Nehru Stadium, Delhi - DPCC;28.58028, 77.233829;PM10;caaqm;µg/m³;317.0;2022-10-31T06:15:00+05:30;India
IN;Delhi;Patparganj, Delhi - DPCC;28.623763, 77.287209;SO2;caaqm;µg/m³;3.6;2022-10-31T06:15:00+05:30;India
IN;Delhi;Okhla Phase-2, Delhi - DPCC;28.530785, 77.271255;PM10;caaqm;µg/m³;403.0;2022-10-31T06:15:00+05:30;India
IN;Delhi;Bawana, Delhi - DPCC;28.7762, 77.051074;PM2.5;caaqm;µg/m³;296.0;2022-10-31T06:15:00+05:30;India
IN;Delhi;Sonia Vihar, Delhi - DPCC;28.710508, 77.249485;O3;caaqm;µg/m³;3.8;2022-10-31T06:15:00+05:30;India
IN;Delhi;Wazirpur, Delhi - DPCC;28.699793, 77.165453;SO2;caaqm;µg/m³;7.5;2022-10-31T06:15:00+05:30;India
IN;Delhi;Anand Vihar, Delhi - DPCC;28.647622, 77.315809;NO2;caaqm;µg/m³;29.7;2022-10-31T06:00:00+05:30;India
IN;Delhi;Punjabi Bagh, Delhi - DPCC;28.674045, 77.131023;SO2;caaqm;µg/m³;21.7;2022-10-16T19:45:00+05:30;India
IN;Delhi;Burari Crossing, Delhi - IMD;28.7256504, 77.2011573;PM2.5;caaqm;µg/m³;0.0;2022-08-03T16:30:00+05:30;India
IN;Delhi;Ashok Vihar, Delhi - DPCC;;SO2;data.gov.in;µg/m³;67.0;2022-03-25T05:00:00+05:30;India
IN;Delhi;Rohini, Delhi - DPCC;;PM2.5;data.gov.in;µg/m³;217.0;2022-03-25T05:00:00+05:30;India
IN;Delhi;Mundka, Delhi - DPCC;;SO2;data.gov.in;µg/m³;14.0;2022-03-25T05:00:00+05:30;India
IN;Delhi;R K Puram, Delhi - DPCC;;SO2;data.gov.in;µg/m³;9.0;2022-03-25T05:00:00+05:30;India
IN;Delhi;Shadipur, Delhi - CPCB;;NO2;data.gov.in;µg/m³;90.0;2022-03-25T05:00:00+05:30;India
IN;Delhi;Sirifort, Delhi - CPCB;;PM2.5;data.gov.in;µg/m³;215.0;2022-03-25T05:00:00+05:30;India
IN;Delhi;East Arjun Nagar, Delhi - CPCB;28.655935, 77.294904;NO2;caaqm;µg/m³;35.02;2022-01-26T12:30:00+05:30;India
IN;Delhi;Anand Vihar, Delhi - DPCC;28.646835, 77.316032;PM10;caaqm;µg/m³;30.0;2021-09-20T13:15:00+05:30;India
IN;Delhi;Nehru Nagar, Delhi - DPCC;28.5639543, 77.2587868;SO2;caaqm;µg/m³;18.8;2018-05-12T11:30:00+05:30;India
IN;Delhi;Najafgarh, Delhi - DPCC;28.5108561, 76.7093948;NO2;caaqm;µg/m³;14.3;2018-05-12T11:30:00+05:30;India
IN;Delhi;Sonia Vihar, Delhi - DPCC;28.67795, 77.29868;O3;caaqm;µg/m³;198.7;2018-05-11T17:15:00+05:30;India
IN;Delhi;Mandir Marg, New Delhi - DPCC;28.6372688, 77.2005604;PM2.5;caaqm;µg/m³;134.0;2018-05-12T10:00:00+05:30;India
IN;Delhi;Shadipur, Delhi - CPCB;28.6517, 77.1581;NO2;CPCB;µg/m³;12.43;2018-02-22T08:15:00+05:30;India
IN;Delhi;Shadipur, Delhi - CPCB;28.6514781, 77.1473105;CO;caaqm;µg/m³;2410.0;2022-10-31T07:30:00+05:30;India
IN;Delhi;Aya Nagar, Delhi - IMD;28.4706914, 77.1099364;PM2.5;caaqm;µg/m³;31.91;2022-10-16T19:15:00+05:30;India
IN;Delhi;Major Dhyan Chand National Stadium, Delhi - DPCC;28.611281, 77.237738;PM10;caaqm;µg/m³;327.0;2022-10-31T06:15:00+05:30;India
IN;Delhi;R K Puram, Delhi - DPCC;28.563262, 77.186937;O3;caaqm;µg/m³;8.6;2022-10-31T06:15:00+05:30;India
IN;Delhi;Nehru Nagar, Delhi - DPCC;28.56789, 77.250515;PM10;caaqm;µg/m³;349.0;2022-10-31T06:15:00+05:30;India
IN;Delhi;Ashok Vihar, Delhi - DPCC;28.695381, 77.181665;O3;caaqm;µg/m³;3.0;2022-10-31T06:15:00+05:30;India
IN;Delhi;Najafgarh, Delhi - DPCC;28.570173, 76.933762;O3;caaqm;µg/m³;0.2;2022-10-31T03:45:00+05:30;India
IN;Delhi;Dr. Karni Singh Shooting Range, Delhi - DPCC;28.498571, 77.26484;NO2;caaqm;µg/m³;97.5;2022-10-31T06:00:00+05:30;India
IN;Delhi;Burari Crossing, Delhi - IMD;28.7256504, 77.2011573;O3;caaqm;µg/m³;36.63;2022-08-03T16:30:00+05:30;India
IN;Delhi;Sirifort, Delhi - CPCB;28.5504249, 77.2159377;SO2;caaqm;µg/m³;24.4;2022-10-31T07:15:00+05:30;India
IN;Delhi;IHBAS, Dilshad Garden, Delhi - CPCB;28.6811736, 77.3025234;PM10;caaqm;µg/m³;309.7;2022-10-31T07:15:00+05:30;India
IN;Delhi;Mandir Marg, Delhi - DPCC;28.636429, 77.201067;O3;caaqm;µg/m³;5.7;2022-10-31T06:15:00+05:30;India
IN;Delhi;Okhla Phase-2, Delhi - DPCC;28.530785, 77.271255;PM2.5;caaqm;µg/m³;266.0;2022-10-31T06:15:00+05:30;India
IN;Delhi;Ashok Vihar, Delhi - DPCC;28.695381, 77.181665;CO;caaqm;µg/m³;800.0;2022-10-31T04:30:00+05:30;India
IN;Delhi;Mundka, Delhi - DPCC;28.684678, 77.076574;SO2;caaqm;µg/m³;9.2;2022-10-31T06:15:00+05:30;India
IN;Delhi;Anand Vihar, Delhi - DPCC;28.647622, 77.315809;SO2;caaqm;µg/m³;14.5;2022-10-31T05:45:00+05:30;India
IN;Delhi;Dr. Karni Singh Shooting Range, Delhi - DPCC;28.498571, 77.26484;CO;caaqm;µg/m³;2200.0;2022-10-31T06:00:00+05:30;India
IN;Delhi;IGI Airport (T3), Delhi - IMD;28.5627763, 77.1180053;PM10;caaqm;µg/m³;592.4;2022-10-16T21:30:00+05:30;India
IN;Delhi;Patparganj, Delhi - DPCC;;PM10;data.gov.in;µg/m³;255.0;2022-03-25T05:00:00+05:30;India
IN;Delhi;Sonia Vihar, Delhi - DPCC;;NO2;data.gov.in;µg/m³;59.0;2022-03-25T05:00:00+05:30;India
IN;Delhi;Anand Vihar, Delhi - DPCC;;O3;data.gov.in;µg/m³;19.0;2022-03-25T05:00:00+05:30;India
IN;Delhi;Wazirpur, Delhi - DPCC;;CO;data.gov.in;µg/m³;64000.0;2022-03-25T05:00:00+05:30;India
IN;Delhi;Mundka, Delhi - DPCC;;O3;data.gov.in;µg/m³;26.0;2022-03-25T05:00:00+05:30;India
IN;Delhi;Vivek Vihar, Delhi - DPCC;28.6687803, 77.3130982;PM2.5;caaqm;µg/m³;162.0;2018-05-12T11:30:00+05:30;India
IN;Delhi;Wazirpur, Delhi - DPCC;28.701616, 77.164238;SO2;caaqm;µg/m³;9.9;2018-05-10T17:00:00+05:30;India
IN;Delhi;Wazirpur, Delhi - DPCC;28.701616, 77.164238;O3;caaqm;µg/m³;175.1;2018-05-10T17:00:00+05:30;India
IN;Delhi;IGI Airport Terminal-3, Delhi - IMD;;PM10;CPCB;µg/m³;131.4;2018-02-21T12:30:00+05:30;India
IN;Delhi;East Arjun Nagar-Delhi CPCB;;NO2;CPCB;µg/m³;92.74;2018-02-21T12:00:00+05:30;India
IN;Delhi;Pusa2 IMD;;NO2;CPCB;µg/m³;16.52;2017-11-07T13:15:00+05:30;India
IN;Delhi;Jawaharlal Nehru Stadium, Delhi - DPCC;;NO2;data.gov.in;µg/m³;84.0;2022-03-25T05:00:00+05:30;India
IN;Delhi;Lodhi Road, Delhi - IMD;;NO2;data.gov.in;µg/m³;6.0;2022-03-25T05:00:00+05:30;India
IN;Delhi;Mandir Marg, Delhi - DPCC;;PM10;data.gov.in;µg/m³;186.0;2022-03-25T05:00:00+05:30;India
IN;Delhi;Mandir Marg, Delhi - DPCC;;O3;data.gov.in;µg/m³;15.0;2022-03-25T05:00:00+05:30;India
IN;Delhi;NSIT Dwarka, Delhi - CPCB;;SO2;data.gov.in;µg/m³;20.0;2022-03-25T05:00:00+05:30;India
IN;Delhi;R K Puram, Delhi - DPCC;;O3;data.gov.in;µg/m³;5.0;2022-03-25T05:00:00+05:30;India
IN;Delhi;ITO, Delhi - CPCB;28.6316945, 77.2494387;SO2;caaqm;µg/m³;11.16;2020-01-20T12:45:00+05:30;India
IN;Delhi;Punjabi Bagh, Delhi - DPCC;28.6670856, 77.1301247;NO2;caaqm;µg/m³;169.3;2018-05-12T11:30:00+05:30;India
IN;Delhi;Jawaharlal Nehru Stadium, Delhi - DPCC;28.5828503, 77.2321778;O3;caaqm;µg/m³;200.5;2018-05-10T15:00:00+05:30;India
IN;Delhi;Ashok Vihar, Delhi - DPCC;28.6957202, 77.1812947;PM10;caaqm;µg/m³;366.0;2018-05-12T11:30:00+05:30;India
IN;Delhi;CRRI Mathura Road, Delhi - IMD;;NO2;CPCB;µg/m³;28.38;2018-02-22T04:45:00+05:30;India
IN;Delhi;R K Puram, Delhi - DPCC;28.5648, 77.1744;CO;CPCB;µg/m³;4300.0;2018-02-22T02:15:00+05:30;India
IN;Delhi;Mandir Marg, Delhi - DPCC;28.6341, 77.2005;CO;CPCB;µg/m³;7500.0;2018-02-21T22:15:00+05:30;India
IN;Delhi;Lodhi Road, Delhi - IMD;;PM10;CPCB;µg/m³;303.38;2018-02-22T02:30:00+05:30;India
IN;Delhi;Pusa, Delhi - IMD;;PM2.5;CPCB;µg/m³;109.48;2018-02-21T12:30:00+05:30;India
IN;Delhi;East Arjun Nagar;;NO2;CPCB;µg/m³;5.08;2016-04-05T14:30:00+05:30;India
IN;Delhi;Sirifort, Delhi - CPCB;28.5504249, 77.2159377;CO;caaqm;µg/m³;1920.0;2022-10-31T07:15:00+05:30;India
IN;Delhi;DTU, Delhi - CPCB;28.7500499, 77.1112615;CO;caaqm;µg/m³;1900.0;2022-10-31T07:15:00+05:30;India
IN;Delhi;Aya Nagar, Delhi - IMD;28.4706914, 77.1099364;O3;caaqm;µg/m³;29.5;2022-10-31T06:45:00+05:30;India
IN;Delhi;CRRI Mathura Road, Delhi - IMD;28.5512005, 77.2735737;CO;caaqm;µg/m³;960.0;2022-10-31T06:45:00+05:30;India
IN;Delhi;Major Dhyan Chand National Stadium, Delhi - DPCC;28.611281, 77.237738;SO2;caaqm;µg/m³;0.1;2022-10-31T06:00:00+05:30;India
IN;Delhi;Rohini, Delhi - DPCC;28.732528, 77.11992;CO;caaqm;µg/m³;7000.0;2022-10-31T02:00:00+05:30;India
IN;Delhi;Alipur, Delhi - DPCC;28.815329, 77.15301;CO;caaqm;µg/m³;1300.0;2022-10-31T06:00:00+05:30;India
IN;Delhi;Dr. Karni Singh Shooting Range, Delhi - DPCC;28.498571, 77.26484;PM2.5;caaqm;µg/m³;245.0;2022-10-31T06:00:00+05:30;India
IN;Delhi;Lodhi Road, Delhi - IITM;28.588333, 77.221667;PM2.5;caaqm;µg/m³;42.3;2022-08-02T15:00:00+05:30;India
IN;Delhi;Shadipur, Delhi - CPCB;28.6514781, 77.1473105;NO2;caaqm;µg/m³;36.5;2022-10-31T07:30:00+05:30;India
IN;Delhi;Jawaharlal Nehru Stadium, Delhi - DPCC;28.58028, 77.233829;PM2.5;caaqm;µg/m³;235.0;2022-10-31T06:15:00+05:30;India
IN;Delhi;R K Puram, Delhi - DPCC;28.563262, 77.186937;PM2.5;caaqm;µg/m³;268.0;2022-10-31T06:15:00+05:30;India
IN;Delhi;R K Puram, Delhi - DPCC;28.563262, 77.186937;NO2;caaqm;µg/m³;90.1;2022-10-31T06:15:00+05:30;India
IN;Delhi;Nehru Nagar, Delhi - DPCC;28.56789, 77.250515;NO2;caaqm;µg/m³;91.0;2022-10-31T06:15:00+05:30;India
IN;Delhi;Narela, Delhi - DPCC;28.822836, 77.101981;PM2.5;caaqm;µg/m³;295.0;2022-10-31T06:15:00+05:30;India
IN;Delhi;Lodhi Road, Delhi - IMD;28.5918245, 77.2273074;CO;caaqm;µg/m³;1940.0;2022-10-16T15:45:00+05:30;India
IN;Delhi;Burari Crossing, Delhi - IMD;28.7256504, 77.2011573;PM10;caaqm;µg/m³;0.0;2022-08-03T16:30:00+05:30;India
IN;Delhi;Lodhi Road, Delhi - IITM;28.588333, 77.221667;CO;caaqm;µg/m³;500.0;2022-08-02T15:00:00+05:30;India
IN;Delhi;Vivek Vihar, Delhi - DPCC;;CO;data.gov.in;µg/m³;29000.0;2022-03-25T05:00:00+05:30;India
IN;Delhi;Ashok Vihar, Delhi - DPCC;;CO;data.gov.in;µg/m³;82000.0;2022-03-25T05:00:00+05:30;India
IN;Delhi;Alipur, Delhi - DPCC;;O3;data.gov.in;µg/m³;3.0;2022-03-25T05:00:00+05:30;India
IN;Delhi;Bawana, Delhi - DPCC;;PM2.5;data.gov.in;µg/m³;230.0;2022-03-25T05:00:00+05:30;India
IN;Delhi;DTU, Delhi - CPCB;;SO2;data.gov.in;µg/m³;14.0;2022-03-25T05:00:00+05:30;India
IN;Delhi;Mandir Marg, Delhi - DPCC;;PM2.5;data.gov.in;µg/m³;173.0;2022-03-25T05:00:00+05:30;India
IN;Delhi;North Campus, DU, Delhi - IMD;;O3;data.gov.in;µg/m³;16.0;2022-03-25T05:00:00+05:30;India
IN;Delhi;NSIT Dwarka, Delhi - CPCB;;PM10;data.gov.in;µg/m³;307.0;2022-03-25T05:00:00+05:30;India
IN;Delhi;NSIT Dwarka, Delhi - CPCB;;CO;data.gov.in;µg/m³;32000.0;2022-03-25T05:00:00+05:30;India
IN;Delhi;Pusa, Delhi - IMD;;O3;data.gov.in;µg/m³;26.0;2022-03-25T05:00:00+05:30;India
IN;Delhi;East Arjun Nagar, Delhi - CPCB;28.655935, 77.294904;O3;caaqm;µg/m³;105.78;2022-01-26T12:30:00+05:30;India
IN;Delhi;East Arjun Nagar, Delhi - CPCB;28.6556017, 77.2859318;O3;caaqm;µg/m³;12.37;2020-02-10T08:30:00+05:30;India
IN;Delhi;Punjabi Bagh, Delhi - DPCC;28.6670856, 77.1301247;PM2.5;caaqm;µg/m³;74.0;2018-05-13T17:00:00+05:30;India
IN;Delhi;Rohini, Delhi - DPCC;28.7407056, 77.0577492;PM10;caaqm;µg/m³;317.0;2018-05-12T12:00:00+05:30;India
IN;Delhi;Jahangirpuri, Delhi - DPCC;28.7258373, 77.1605631;CO;caaqm;µg/m³;2300.0;2018-05-12T10:00:00+05:30;India
IN;Delhi;Wazirpur, Delhi - DPCC;28.701616, 77.164238;PM10;caaqm;µg/m³;476.0;2018-05-12T11:30:00+05:30;India
IN;Delhi;Sonia Vihar, Delhi - DPCC;28.67795, 77.29868;PM10;caaqm;µg/m³;353.0;2018-05-12T10:30:00+05:30;India
IN;Delhi;Dr. Karni Singh Shooting Range, Delhi - DPCC;28.4997315, 77.2649067;CO;caaqm;µg/m³;150.0;2018-05-09T16:30:00+05:30;India
IN;Delhi;Dr. Karni Singh Shooting Range, Delhi - DPCC;28.4997315, 77.2649067;PM10;caaqm;µg/m³;249.0;2018-05-12T10:15:00+05:30;India
IN;Delhi;Anand Vihar, Delhi - DPCC;28.6508, 77.3152;NO2;CPCB;µg/m³;469.0;2018-02-22T02:45:00+05:30;India
IN;Delhi;IGI Airport;28.56, 77.094;PM10;CPCB;µg/m³;1.05;2015-07-10T12:00:00+05:30;India
IN;Delhi;Vivek Vihar, Delhi - DPCC;;NO2;data.gov.in;µg/m³;32.0;2022-03-25T05:00:00+05:30;India
IN;Delhi;Rohini, Delhi - DPCC;;O3;data.gov.in;µg/m³;6.0;2022-03-25T05:00:00+05:30;India
IN;Delhi;Rohini, Delhi - DPCC;;CO;data.gov.in;µg/m³;62000.0;2022-03-25T05:00:00+05:30;India
IN;Delhi;Dwarka-Sector 8, Delhi - DPCC;;NO2;data.gov.in;µg/m³;43.0;2022-03-25T05:00:00+05:30;India
IN;Delhi;Nehru Nagar, Delhi - DPCC;;CO;data.gov.in;µg/m³;50000.0;2022-03-25T05:00:00+05:30;India
IN;Delhi;Dr. Karni Singh Shooting Range, Delhi - DPCC;28.4997315, 77.2649067;NO2;caaqm;µg/m³;32.4;2018-05-09T16:30:00+05:30;India
IN;Delhi;IHBAS, Dilshad Garden,New Delhi - CPCB;28.6802747, 77.2011573;NO2;caaqm;µg/m³;54.06;2018-04-28T20:00:00+05:30;India
IN;Delhi;East Arjun Nagar-Delhi CPCB;;O3;CPCB;µg/m³;73.81;2018-02-21T12:00:00+05:30;India
IN;Delhi;Civil Lines;28.6787, 77.2262;PM10;CPCB;µg/m³;684.07;2015-07-10T13:45:00+05:30;India
IN;Delhi;CRRI Mathura Road, Delhi - IMD;28.5512005, 77.2735737;PM10;caaqm;µg/m³;345.82;2022-10-31T06:45:00+05:30;India
IN;Delhi;Patparganj, Delhi - DPCC;28.623763, 77.287209;PM10;caaqm;µg/m³;354.0;2022-10-31T06:15:00+05:30;India
IN;Delhi;Bawana, Delhi - DPCC;28.7762, 77.051074;PM10;caaqm;µg/m³;493.0;2022-10-31T06:15:00+05:30;India
IN;Delhi;Sri Aurobindo Marg, Delhi - DPCC;28.531346, 77.190156;PM10;caaqm;µg/m³;309.0;2022-10-31T06:15:00+05:30;India
IN;Delhi;Alipur, Delhi - DPCC;28.815329, 77.15301;PM10;caaqm;µg/m³;449.0;2022-10-31T06:00:00+05:30;India
IN;Delhi;Chandni Chowk, Delhi - IITM;28.656756, 77.227234;NO2;caaqm;µg/m³;157.02;2022-08-02T16:00:00+05:30;India
IN;Delhi;Dr. Karni Singh Shooting Range, Delhi - DPCC;;SO2;data.gov.in;µg/m³;19.0;2022-03-25T05:00:00+05:30;India
IN;Delhi;Patparganj, Delhi - DPCC;;NO2;data.gov.in;µg/m³;32.0;2022-03-25T05:00:00+05:30;India
IN;Delhi;Wazirpur, Delhi - DPCC;;SO2;data.gov.in;µg/m³;16.0;2022-03-25T05:00:00+05:30;India
IN;Delhi;Jawaharlal Nehru Stadium, Delhi - DPCC;;SO2;data.gov.in;µg/m³;13.0;2022-03-25T05:00:00+05:30;India
IN;Delhi;North Campus, DU, Delhi - IMD;;PM10;data.gov.in;µg/m³;202.0;2022-03-25T05:00:00+05:30;India
IN;Delhi;NSIT Dwarka, Delhi - CPCB;;NO2;data.gov.in;µg/m³;56.0;2022-03-25T05:00:00+05:30;India
IN;Delhi;R K Puram, Delhi - DPCC;;PM2.5;data.gov.in;µg/m³;212.0;2022-03-25T05:00:00+05:30;India
IN;Delhi;Rohini, Delhi - DPCC;28.7407056, 77.0577492;O3;caaqm;µg/m³;42.0;2018-05-09T16:30:00+05:30;India
IN;Delhi;Rohini, Delhi - DPCC;28.7407056, 77.0577492;SO2;caaqm;µg/m³;7.7;2018-05-09T16:30:00+05:30;India
IN;Delhi;Vivek Vihar, Delhi - DPCC;28.6687803, 77.3130982;NO2;caaqm;µg/m³;18.1;2018-05-10T14:30:00+05:30;India
IN;Delhi;Ashok Vihar, Delhi - DPCC;28.6957202, 77.1812947;CO;caaqm;µg/m³;900.0;2018-05-12T10:00:00+05:30;India
IN;Delhi;Ashok Vihar, Delhi - DPCC;28.6957202, 77.1812947;SO2;caaqm;µg/m³;2.3;2018-05-12T10:00:00+05:30;India
IN;Delhi;Major Dhyan Chand National Stadium, Delhi - DPCC;28.6125027, 77.2351994;O3;caaqm;µg/m³;104.1;2018-05-12T10:00:00+05:30;India
IN;Delhi;IHBAS, Delhi - CPCB;28.6821, 77.305;NO2;CPCB;µg/m³;121.43;2018-02-22T08:15:00+05:30;India
IN;Delhi;Aya Nagar, Delhi - IMD;;CO;CPCB;µg/m³;1390.0;2018-02-22T03:30:00+05:30;India
IN;Delhi;Mandir Marg, Delhi - DPCC;28.6341, 77.2005;PM2.5;CPCB;µg/m³;149.0;2018-02-22T02:45:00+05:30;India
IN;Delhi;Shadipur, Delhi - CPCB;28.6514781, 77.1473105;SO2;caaqm;µg/m³;10.3;2022-10-31T07:30:00+05:30;India
IN;Delhi;Major Dhyan Chand National Stadium, Delhi - DPCC;28.611281, 77.237738;NO2;caaqm;µg/m³;46.4;2022-10-31T06:15:00+05:30;India
IN;Delhi;Anand Vihar, Delhi - DPCC;28.647622, 77.315809;O3;caaqm;µg/m³;7.6;2022-10-31T06:00:00+05:30;India
IN;Delhi;Alipur, Delhi - DPCC;28.815329, 77.15301;NO2;caaqm;µg/m³;45.1;2022-10-31T06:00:00+05:30;India
IN;Delhi;Lodhi Road, Delhi - IMD;28.5918245, 77.2273074;O3;caaqm;µg/m³;47.96;2022-10-16T15:45:00+05:30;India
IN;Delhi;Dwarka-Sector 8, Delhi - DPCC;;CO;data.gov.in;µg/m³;88000.0;2022-03-25T05:00:00+05:30;India
IN;Delhi;Bawana, Delhi - DPCC;;SO2;data.gov.in;µg/m³;12.0;2022-03-25T05:00:00+05:30;India
IN;Delhi;IHBAS, Dilshad Garden, Delhi - CPCB;;SO2;data.gov.in;µg/m³;29.0;2022-03-25T05:00:00+05:30;India
IN;Delhi;Mundka, Delhi - DPCC;;NO2;data.gov.in;µg/m³;64.0;2022-03-25T05:00:00+05:30;India
IN;Delhi;Patparganj, Delhi - DPCC;28.6310495, 77.2846218;SO2;caaqm;µg/m³;6.9;2018-05-08T12:00:00+05:30;India
IN;Delhi;Narela, Delhi - DPCC;28.8446874, 77.0332666;CO;caaqm;µg/m³;1400.0;2018-05-12T10:00:00+05:30;India
IN;Delhi;Dwarka-Sector 8, Delhi - DPCC;28.5206826, 76.8023871;CO;caaqm;µg/m³;1700.0;2018-05-12T10:30:00+05:30;India
IN;Delhi;Mandir Marg, New Delhi - DPCC;28.6372688, 77.2005604;CO;caaqm;µg/m³;400.0;2018-05-10T13:00:00+05:30;India
IN;Delhi;IHBAS, Dilshad Garden, Delhi - CPCB;28.6811736, 77.3025234;O3;caaqm;µg/m³;1.5;2022-10-31T07:15:00+05:30;India
IN;Delhi;IHBAS, Dilshad Garden, Delhi - CPCB;28.6811736, 77.3025234;SO2;caaqm;µg/m³;5.9;2022-10-31T07:15:00+05:30;India
IN;Delhi;ITO, Delhi - CPCB;28.628624, 77.24106;NO2;caaqm;µg/m³;83.1;2022-10-31T07:15:00+05:30;India
IN;Delhi;ITO, Delhi - CPCB;28.628624, 77.24106;CO;caaqm;µg/m³;1760.0;2022-10-31T07:15:00+05:30;India
IN;Delhi;Pusa, Delhi - DPCC;28.639645, 77.146262;SO2;caaqm;µg/m³;17.0;2022-10-31T06:15:00+05:30;India
IN;Delhi;Major Dhyan Chand National Stadium, Delhi - DPCC;28.611281, 77.237738;CO;caaqm;µg/m³;300.0;2022-10-31T05:30:00+05:30;India
IN;Delhi;Ashok Vihar, Delhi - DPCC;28.695381, 77.181665;NO2;caaqm;µg/m³;34.6;2022-10-31T06:15:00+05:30;India
IN;Delhi;Rohini, Delhi - DPCC;28.732528, 77.11992;O3;caaqm;µg/m³;3.0;2022-10-31T06:15:00+05:30;India
IN;Delhi;Dr. Karni Singh Shooting Range, Delhi - DPCC;28.498571, 77.26484;SO2;caaqm;µg/m³;9.9;2022-10-31T06:00:00+05:30;India
IN;Delhi;Narela, Delhi - DPCC;;SO2;data.gov.in;µg/m³;33.0;2022-03-25T05:00:00+05:30;India
IN;Delhi;Sonia Vihar, Delhi - DPCC;;PM10;data.gov.in;µg/m³;246.0;2022-03-25T05:00:00+05:30;India
IN;Delhi;Dwarka-Sector 8, Delhi - DPCC;;PM10;data.gov.in;µg/m³;317.0;2022-03-25T05:00:00+05:30;India
IN;Delhi;Anand Vihar, Delhi - DPCC;;SO2;data.gov.in;µg/m³;41.0;2022-03-25T05:00:00+05:30;India
IN;Delhi;Wazirpur, Delhi - DPCC;;O3;data.gov.in;µg/m³;12.0;2022-03-25T05:00:00+05:30;India
IN;Delhi;Jawaharlal Nehru Stadium, Delhi - DPCC;;PM2.5;data.gov.in;µg/m³;164.0;2022-03-25T05:00:00+05:30;India
IN;Delhi;Bawana, Delhi - DPCC;;CO;data.gov.in;µg/m³;69000.0;2022-03-25T05:00:00+05:30;India
IN;Delhi;DTU, Delhi - CPCB;;PM2.5;data.gov.in;µg/m³;212.0;2022-03-25T05:00:00+05:30;India
IN;Delhi;ITO, Delhi - CPCB;;PM2.5;data.gov.in;µg/m³;256.0;2022-03-25T05:00:00+05:30;India
IN;Delhi;ITO, Delhi - CPCB;;PM10;data.gov.in;µg/m³;227.0;2022-03-25T05:00:00+05:30;India
IN;Delhi;ITO, Delhi - CPCB;;CO;data.gov.in;µg/m³;57000.0;2022-03-25T05:00:00+05:30;India
IN;Delhi;Lodhi Road, Delhi - IITM;;NO2;data.gov.in;µg/m³;86.0;2022-03-25T05:00:00+05:30;India
IN;Delhi;Lodhi Road, Delhi - IMD;;CO;data.gov.in;µg/m³;56000.0;2022-03-25T05:00:00+05:30;India
IN;Delhi;Mandir Marg, Delhi - DPCC;;CO;data.gov.in;µg/m³;79000.0;2022-03-25T05:00:00+05:30;India
IN;Delhi;East Arjun Nagar, Delhi - CPCB;28.655935, 77.294904;SO2;caaqm;µg/m³;11.29;2022-01-26T12:30:00+05:30;India
IN;Delhi;East Arjun Nagar, Delhi - CPCB;28.6556017, 77.2859318;SO2;caaqm;µg/m³;31.65;2020-02-10T08:30:00+05:30;India
IN;Delhi;Punjabi Bagh, Delhi - DPCC;28.6670856, 77.1301247;O3;caaqm;µg/m³;131.9;2018-05-12T11:30:00+05:30;India
IN;Delhi;Okhla Phase-2, Delhi - DPCC;28.5366411, 77.2664587;O3;caaqm;µg/m³;62.2;2018-05-12T11:00:00+05:30;India
IN;Delhi;Rohini, Delhi - DPCC;28.7407056, 77.0577492;NO2;caaqm;µg/m³;25.5;2018-05-09T16:30:00+05:30;India
IN;Delhi;Jahangirpuri, Delhi - DPCC;28.7258373, 77.1605631;PM10;caaqm;µg/m³;307.0;2018-05-12T12:00:00+05:30;India
IN;Delhi;Sonia Vihar, Delhi - DPCC;28.67795, 77.29868;SO2;caaqm;µg/m³;0.1;2018-05-11T17:15:00+05:30;India
IN;Delhi;IHBAS, Dilshad Garden,New Delhi - CPCB;28.6802747, 77.2011573;CO;caaqm;µg/m³;810.0;2018-04-28T20:00:00+05:30;India
IN;Delhi;NSIT Dwarka, Delhi - CPCB;28.591, 77.05;SO2;CPCB;µg/m³;19.33;2018-02-22T09:30:00+05:30;India
IN;Delhi;NSIT Dwarka, Delhi - CPCB;28.591, 77.05;PM2.5;CPCB;µg/m³;306.0;2018-02-22T09:30:00+05:30;India
IN;Delhi;NSIT Dwarka, Delhi - CPCB;28.591, 77.05;O3;CPCB;µg/m³;10.3;2018-02-22T09:30:00+05:30;India
IN;Delhi;CRRI Mathura Road, Delhi - IMD;;PM2.5;CPCB;µg/m³;208.25;2018-02-22T04:45:00+05:30;India
IN;Delhi;Anand Vihar, Delhi - DPCC;28.6508, 77.3152;SO2;CPCB;µg/m³;8.9;2018-02-22T02:45:00+05:30;India
IN;Delhi;IGI Airport;28.56, 77.094;O3;CPCB;µg/m³;61.66;2015-07-10T12:00:00+05:30;India
IN;Delhi;NSIT Dwarka, Delhi - CPCB;28.60909, 77.0325413;O3;caaqm;µg/m³;38.99;2022-10-31T07:30:00+05:30;India
IN;Delhi;Mandir Marg, Delhi - DPCC;28.636429, 77.201067;NO2;caaqm;µg/m³;34.8;2022-10-31T06:15:00+05:30;India
IN;Delhi;Sonia Vihar, Delhi - DPCC;28.710508, 77.249485;NO2;caaqm;µg/m³;50.0;2022-10-31T06:15:00+05:30;India
IN;Delhi;Anand Vihar, Delhi - DPCC;28.647622, 77.315809;PM2.5;caaqm;µg/m³;283.0;2022-10-31T06:00:00+05:30;India
IN;Delhi;Lodhi Road, Delhi - IMD;28.5918245, 77.2273074;PM2.5;caaqm;µg/m³;64.29;2022-10-16T15:45:00+05:30;India
IN;Delhi;Jahangirpuri, Delhi - DPCC;;CO;data.gov.in;µg/m³;85000.0;2022-03-25T05:00:00+05:30;India
IN;Delhi;Anand Vihar, Delhi - DPCC;;PM10;data.gov.in;µg/m³;296.0;2022-03-25T05:00:00+05:30;India
IN;Delhi;Jawaharlal Nehru Stadium, Delhi - DPCC;;O3;data.gov.in;µg/m³;9.0;2022-03-25T05:00:00+05:30;India
IN;Delhi;Alipur, Delhi - DPCC;;NO2;data.gov.in;µg/m³;49.0;2022-03-25T05:00:00+05:30;India
IN;Delhi;DTU, Delhi - CPCB;;CO;data.gov.in;µg/m³;58000.0;2022-03-25T05:00:00+05:30;India
IN;Delhi;IGI Airport (T3), Delhi - IMD;;PM10;data.gov.in;µg/m³;179.0;2022-03-25T05:00:00+05:30;India
IN;Delhi;Pusa, Delhi - DPCC;;PM2.5;data.gov.in;µg/m³;117.0;2022-03-25T05:00:00+05:30;India
IN;Delhi;Pusa, Delhi - DPCC;;PM10;data.gov.in;µg/m³;197.0;2022-03-25T05:00:00+05:30;India
IN;Delhi;Pusa, Delhi - DPCC;;NO2;data.gov.in;µg/m³;65.0;2022-03-25T05:00:00+05:30;India
IN;Delhi;ITO, Delhi - CPCB;28.6316945, 77.2494387;PM10;caaqm;µg/m³;209.0;2020-01-20T12:45:00+05:30;India
IN;Delhi;ITO, Delhi - CPCB;28.6316945, 77.2494387;PM2.5;caaqm;µg/m³;162.0;2020-01-20T12:45:00+05:30;India
IN;Delhi;Nehru Nagar, Delhi - DPCC;28.5639543, 77.2587868;PM2.5;caaqm;µg/m³;75.0;2018-05-13T15:30:00+05:30;India
IN;Delhi;Narela, Delhi - DPCC;28.8446874, 77.0332666;PM10;caaqm;µg/m³;407.0;2018-05-12T11:30:00+05:30;India
IN;Delhi;Najafgarh, Delhi - DPCC;28.5108561, 76.7093948;O3;caaqm;µg/m³;229.6;2018-05-12T11:30:00+05:30;India
IN;Delhi;Sonia Vihar, Delhi - DPCC;28.67795, 77.29868;NO2;caaqm;µg/m³;6.2;2018-05-11T17:15:00+05:30;India
IN;Delhi;IGI Airport Terminal-3, Delhi - IMD;;NO2;CPCB;µg/m³;24.1;2018-02-22T04:45:00+05:30;India
IN;Delhi;North Campus, Delhi - IMD;;CO;CPCB;µg/m³;1410.0;2018-02-22T04:30:00+05:30;India
IN;Delhi;Aya Nagar, Delhi - IMD;;PM10;CPCB;µg/m³;247.07;2018-02-22T03:30:00+05:30;India
IN;Delhi;Aya Nagar, Delhi - IMD;;PM2.5;CPCB;µg/m³;148.24;2018-02-22T03:30:00+05:30;India
IN;Delhi;Punjabi Bagh, Delhi - DPCC;28.6683, 77.1167;SO2;CPCB;µg/m³;3.1;2018-02-22T02:45:00+05:30;India
IN;Delhi;Civil Lines;28.6787, 77.2262;NO2;CPCB;µg/m³;97.29;2015-07-10T13:45:00+05:30;India
IN;Delhi;North Campus, DU, Delhi - IMD;28.6573814, 77.1585447;NO2;caaqm;µg/m³;24.0;2022-10-31T07:30:00+05:30;India
IN;Delhi;NSIT Dwarka, Delhi - CPCB;28.60909, 77.0325413;PM10;caaqm;µg/m³;357.6;2022-10-31T07:30:00+05:30;India
IN;Delhi;Sirifort, Delhi - CPCB;28.5504249, 77.2159377;NO2;caaqm;µg/m³;28.34;2022-10-31T07:15:00+05:30;India
IN;Delhi;Jawaharlal Nehru Stadium, Delhi - DPCC;28.58028, 77.233829;O3;caaqm;µg/m³;9.1;2022-10-31T06:15:00+05:30;India
IN;Delhi;Najafgarh, Delhi - DPCC;28.570173, 76.933762;SO2;caaqm;µg/m³;0.9;2022-10-31T06:15:00+05:30;India
IN;Delhi;Najafgarh, Delhi - DPCC;28.570173, 76.933762;NO2;caaqm;µg/m³;24.1;2022-10-31T06:15:00+05:30;India
IN;Delhi;Lodhi Road, Delhi - IITM;28.588333, 77.221667;O3;caaqm;µg/m³;10.0;2022-08-02T15:00:00+05:30;India
IN;Delhi;Dr. Karni Singh Shooting Range, Delhi - DPCC;;NO2;data.gov.in;µg/m³;114.0;2022-03-25T05:00:00+05:30;India
IN;Delhi;Dr. Karni Singh Shooting Range, Delhi - DPCC;;PM10;data.gov.in;µg/m³;224.0;2022-03-25T05:00:00+05:30;India
IN;Delhi;Punjabi Bagh, Delhi - DPCC;;PM10;data.gov.in;µg/m³;261.0;2022-03-25T05:00:00+05:30;India
IN;Delhi;Anand Vihar, Delhi - DPCC;;CO;data.gov.in;µg/m³;84000.0;2022-03-25T05:00:00+05:30;India
IN;Delhi;Wazirpur, Delhi - DPCC;;PM10;data.gov.in;µg/m³;251.0;2022-03-25T05:00:00+05:30;India
IN;Delhi;Bawana, Delhi - DPCC;;PM10;data.gov.in;µg/m³;296.0;2022-03-25T05:00:00+05:30;India
IN;Delhi;CRRI Mathura Road, Delhi - IMD;;PM2.5;data.gov.in;µg/m³;248.0;2022-03-25T05:00:00+05:30;India
IN;Delhi;Mundka, Delhi - DPCC;;PM2.5;data.gov.in;µg/m³;239.0;2022-03-25T05:00:00+05:30;India
IN;Delhi;Sirifort, Delhi - CPCB;;PM10;data.gov.in;µg/m³;247.0;2022-03-25T05:00:00+05:30;India
IN;Delhi;Rohini, Delhi - DPCC;28.7407056, 77.0577492;CO;caaqm;µg/m³;700.0;2018-05-09T16:30:00+05:30;India
IN;Delhi;Jawaharlal Nehru Stadium, Delhi - DPCC;28.5828503, 77.2321778;SO2;caaqm;µg/m³;17.6;2018-05-10T15:00:00+05:30;India
IN;Delhi;Vivek Vihar, Delhi - DPCC;28.6687803, 77.3130982;SO2;caaqm;µg/m³;7.2;2018-05-10T14:30:00+05:30;India
IN;Delhi;Sonia Vihar, Delhi - DPCC;28.67795, 77.29868;PM2.5;caaqm;µg/m³;151.0;2018-05-12T10:30:00+05:30;India
IN;Delhi;Income Tax Office, Delhi - CPCB;28.6235, 77.2494;PM10;CPCB;µg/m³;312.0;2018-02-22T09:15:00+05:30;India
IN;Delhi;Shadipur, Delhi - CPCB;28.6517, 77.1581;PM2.5;CPCB;µg/m³;219.4;2018-02-22T08:15:00+05:30;India
IN;Delhi;Civil Lines;28.6787, 77.2262;CO;CPCB;µg/m³;2330.0;2015-07-10T13:45:00+05:30;India
IN;Delhi;IGI Airport;28.56, 77.094;NO2;CPCB;µg/m³;39.18;2015-07-10T12:00:00+05:30;India
IN;Delhi;Sirifort, Delhi - CPCB;28.5504249, 77.2159377;O3;caaqm;µg/m³;57.9;2022-10-31T07:15:00+05:30;India
IN;Delhi;CRRI Mathura Road, Delhi - IMD;28.5512005, 77.2735737;PM2.5;caaqm;µg/m³;224.72;2022-10-31T06:45:00+05:30;India
IN;Delhi;Major Dhyan Chand National Stadium, Delhi - DPCC;28.611281, 77.237738;PM2.5;caaqm;µg/m³;228.0;2022-10-31T06:15:00+05:30;India
IN;Delhi;Vivek Vihar, Delhi - DPCC;28.672342, 77.31526;SO2;caaqm;µg/m³;0.6;2022-10-31T06:15:00+05:30;India
IN;Delhi;Jahangirpuri, Delhi - DPCC;28.73282, 77.170633;O3;caaqm;µg/m³;0.5;2022-10-31T04:15:00+05:30;India
IN;Delhi;Wazirpur, Delhi - DPCC;28.699793, 77.165453;PM2.5;caaqm;µg/m³;210.0;2022-10-31T06:15:00+05:30;India
IN;Delhi;Narela, Delhi - DPCC;28.822836, 77.101981;O3;caaqm;µg/m³;3.9;2022-10-31T06:15:00+05:30;India
IN;Delhi;Punjabi Bagh, Delhi - DPCC;28.674045, 77.131023;PM10;caaqm;µg/m³;219.0;2022-10-16T19:45:00+05:30;India
IN;Delhi;Jahangirpuri, Delhi - DPCC;;PM10;data.gov.in;µg/m³;268.0;2022-03-25T05:00:00+05:30;India
IN;Delhi;Nehru Nagar, Delhi - DPCC;;PM2.5;data.gov.in;µg/m³;241.0;2022-03-25T05:00:00+05:30;India
IN;Delhi;Aya Nagar, Delhi - IMD;;PM10;data.gov.in;µg/m³;161.0;2022-03-25T05:00:00+05:30;India
IN;Delhi;Pusa, Delhi - IMD;;NO2;data.gov.in;µg/m³;96.0;2022-03-25T05:00:00+05:30;India
IN;Delhi;Shadipur, Delhi - CPCB;;O3;data.gov.in;µg/m³;14.0;2022-03-25T05:00:00+05:30;India
IN;Delhi;Sri Aurobindo Marg, Delhi - DPCC;;SO2;data.gov.in;µg/m³;9.0;2022-03-25T05:00:00+05:30;India
IN;Delhi;Pusa, New Delhi - IMD;28.610304, 77.0996943;NO2;caaqm;µg/m³;29.87;2018-05-14T07:30:00+05:30;India
IN;Delhi;Jawaharlal Nehru Stadium, Delhi - DPCC;28.5828503, 77.2321778;NO2;caaqm;µg/m³;23.4;2018-05-10T15:00:00+05:30;India
IN;Delhi;Narela, Delhi - DPCC;28.8446874, 77.0332666;O3;caaqm;µg/m³;105.1;2018-05-12T10:00:00+05:30;India
IN;Delhi;Najafgarh, Delhi - DPCC;28.5108561, 76.7093948;CO;caaqm;µg/m³;1200.0;2018-05-12T11:30:00+05:30;India
IN;Delhi;R K Puram, New Delhi - DPCC;28.5646102, 77.1670103;CO;caaqm;µg/m³;3000.0;2018-05-07T01:00:00+05:30;India
IN;Delhi;IHBAS, Dilshad Garden,New Delhi - CPCB;28.6802747, 77.2011573;SO2;caaqm;µg/m³;20.67;2018-04-28T20:00:00+05:30;India
IN;Delhi;NSIT Dwarka, Delhi - CPCB;28.591, 77.05;CO;CPCB;µg/m³;620.0;2018-02-22T09:30:00+05:30;India
IN;Delhi;IGI Airport Terminal-3, Delhi - IMD;;CO;CPCB;µg/m³;1.37;2018-02-22T04:45:00+05:30;India
IN;Delhi;Aya Nagar, Delhi - IMD;;NO2;CPCB;µg/m³;21.11;2018-02-22T03:30:00+05:30;India
IN;Delhi;Lodhi Road, Delhi - IMD;;CO;CPCB;µg/m³;3780.0;2018-02-22T02:30:00+05:30;India
IN;Delhi;Pusa2 IMD;;CO;CPCB;µg/m³;3790.0;2017-11-07T13:15:00+05:30;India
IN;Delhi;Mandir Marg, Delhi - DPCC;28.636429, 77.201067;SO2;caaqm;µg/m³;17.8;2022-10-31T06:15:00+05:30;India
IN;Delhi;Dwarka-Sector 8, Delhi - DPCC;28.5710274, 77.0719006;NO2;caaqm;µg/m³;44.9;2022-10-31T06:15:00+05:30;India
IN;Delhi;Narela, Delhi - DPCC;28.822836, 77.101981;CO;caaqm;µg/m³;100.0;2022-10-31T06:15:00+05:30;India
IN;Delhi;Anand Vihar, Delhi - DPCC;28.647622, 77.315809;CO;caaqm;µg/m³;400.0;2022-10-31T06:00:00+05:30;India
IN;Delhi;Jawaharlal Nehru Stadium, Delhi - DPCC;;CO;data.gov.in;µg/m³;110000.0;2022-03-25T05:00:00+05:30;India
IN;Delhi;Lodhi Road, Delhi - IITM;;O3;data.gov.in;µg/m³;16.0;2022-03-25T05:00:00+05:30;India
IN;Delhi;Lodhi Road, Delhi - IITM;;PM10;data.gov.in;µg/m³;138.0;2022-03-25T05:00:00+05:30;India
IN;Delhi;North Campus, DU, Delhi - IMD;;PM2.5;data.gov.in;µg/m³;162.0;2022-03-25T05:00:00+05:30;India
IN;Delhi;R K Puram, Delhi - DPCC;;PM10;data.gov.in;µg/m³;230.0;2022-03-25T05:00:00+05:30;India
IN;Delhi;Anand Vihar, Delhi - DPCC;28.646835, 77.316032;NO2;caaqm;µg/m³;17.5;2021-09-20T13:15:00+05:30;India
IN;Delhi;Pusa, New Delhi - IMD;28.610304, 77.0996943;CO;caaqm;µg/m³;500.0;2018-05-14T07:30:00+05:30;India
IN;Delhi;Jahangirpuri, Delhi - DPCC;28.7258373, 77.1605631;PM2.5;caaqm;µg/m³;127.0;2018-05-12T12:00:00+05:30;India
IN;Delhi;Jahangirpuri, Delhi - DPCC;28.7258373, 77.1605631;NO2;caaqm;µg/m³;111.2;2018-05-12T10:00:00+05:30;India
IN;Delhi;Wazirpur, Delhi - DPCC;28.701616, 77.164238;PM2.5;caaqm;µg/m³;132.0;2018-05-12T11:30:00+05:30;India
IN;Delhi;Dr. Karni Singh Shooting Range, Delhi - DPCC;28.4997315, 77.2649067;PM2.5;caaqm;µg/m³;129.0;2018-05-12T10:15:00+05:30;India
IN;Delhi;Burari Crossing, Delhi - IMD;;NO2;CPCB;µg/m³;39.64;2018-02-22T04:45:00+05:30;India
IN;Delhi;Punjabi Bagh, Delhi - DPCC;28.6683, 77.1167;O3;CPCB;µg/m³;39.07;2018-01-24T15:00:00+05:30;India
IN;Delhi;Mandir Marg, Delhi - DPCC;28.6341, 77.2005;PM10;CPCB;µg/m³;208.0;2018-02-22T02:45:00+05:30;India
IN;Delhi;North Campus, DU, Delhi - IMD;28.6573814, 77.1585447;PM10;caaqm;µg/m³;235.44;2022-10-31T07:30:00+05:30;India
IN;Delhi;NSIT Dwarka, Delhi - CPCB;28.60909, 77.0325413;NO2;caaqm;µg/m³;32.47;2022-10-31T07:30:00+05:30;India
IN;Delhi;R K Puram, Delhi - DPCC;28.563262, 77.186937;PM10;caaqm;µg/m³;364.0;2022-10-31T06:15:00+05:30;India
IN;Delhi;R K Puram, Delhi - DPCC;28.563262, 77.186937;SO2;caaqm;µg/m³;11.0;2022-10-31T04:30:00+05:30;India
IN;Delhi;Sonia Vihar, Delhi - DPCC;28.710508, 77.249485;CO;caaqm;µg/m³;4.2;2022-10-31T06:15:00+05:30;India
IN;Delhi;Sri Aurobindo Marg, Delhi - DPCC;28.531346, 77.190156;CO;caaqm;µg/m³;1300.0;2022-10-31T06:15:00+05:30;India
IN;Delhi;Mundka, Delhi - DPCC;28.684678, 77.076574;PM10;caaqm;µg/m³;313.0;2022-10-31T06:15:00+05:30;India
IN;Delhi;Rohini, Delhi - DPCC;28.732528, 77.11992;PM10;caaqm;µg/m³;345.0;2022-10-31T06:15:00+05:30;India
IN;Delhi;Lodhi Road, Delhi - IMD;28.5918245, 77.2273074;NO2;caaqm;µg/m³;6.96;2022-10-16T15:45:00+05:30;India
IN;Delhi;Burari Crossing, Delhi - IMD;28.7256504, 77.2011573;CO;caaqm;µg/m³;1230.0;2022-08-03T16:30:00+05:30;India
IN;Delhi;Okhla Phase-2, Delhi - DPCC;;SO2;data.gov.in;µg/m³;15.0;2022-03-25T05:00:00+05:30;India
IN;Delhi;Dwarka-Sector 8, Delhi - DPCC;;PM2.5;data.gov.in;µg/m³;207.0;2022-03-25T05:00:00+05:30;India
IN;Delhi;Anand Vihar, Delhi - DPCC;;NO2;data.gov.in;µg/m³;110.0;2022-03-25T05:00:00+05:30;India
IN;Delhi;Nehru Nagar, Delhi - DPCC;;SO2;data.gov.in;µg/m³;24.0;2022-03-25T05:00:00+05:30;India
IN;Delhi;Najafgarh, Delhi - DPCC;;CO;data.gov.in;µg/m³;38000.0;2022-03-25T05:00:00+05:30;India
IN;Delhi;IGI Airport (T3), Delhi - IMD;;PM2.5;data.gov.in;µg/m³;200.0;2022-03-25T05:00:00+05:30;India
IN;Delhi;Lodhi Road, Delhi - IMD;;PM2.5;data.gov.in;µg/m³;136.0;2022-03-25T05:00:00+05:30;India
IN;Delhi;Mundka, Delhi - DPCC;;CO;data.gov.in;µg/m³;69000.0;2022-03-25T05:00:00+05:30;India
IN;Delhi;Shadipur, Delhi - CPCB;;CO;data.gov.in;µg/m³;77000.0;2022-03-25T05:00:00+05:30;India
IN;Delhi;Patparganj, Delhi - DPCC;28.6310495, 77.2846218;O3;caaqm;µg/m³;139.3;2018-05-08T12:00:00+05:30;India
IN;Delhi;Dwarka-Sector 8, Delhi - DPCC;28.5206826, 76.8023871;SO2;caaqm;µg/m³;10.8;2018-05-12T10:30:00+05:30;India
IN;Delhi;CRRI Mathura Road, Delhi - IMD;;CO;CPCB;µg/m³;1600.0;2018-02-22T04:45:00+05:30;India
IN;Delhi;R K Puram, Delhi - DPCC;28.5648, 77.1744;SO2;CPCB;µg/m³;56.9;2018-02-22T02:45:00+05:30;India
IN;Delhi;Pusa2 IMD;;PM10;CPCB;µg/m³;554.49;2017-11-07T13:15:00+05:30;India
IN;Delhi;North Campus, DU, Delhi - IMD;28.6573814, 77.1585447;CO;caaqm;µg/m³;1390.0;2022-10-31T07:30:00+05:30;India
IN;Delhi;NSIT Dwarka, Delhi - CPCB;28.60909, 77.0325413;SO2;caaqm;µg/m³;2.0;2022-10-31T07:30:00+05:30;India
IN;Delhi;Dwarka-Sector 8, Delhi - DPCC;28.5710274, 77.0719006;PM2.5;caaqm;µg/m³;246.0;2022-10-31T06:15:00+05:30;India
IN;Delhi;Vivek Vihar, Delhi - DPCC;28.672342, 77.31526;CO;caaqm;µg/m³;3200.0;2022-10-31T06:15:00+05:30;India
IN;Delhi;Okhla Phase-2, Delhi - DPCC;28.530785, 77.271255;SO2;caaqm;µg/m³;5.2;2022-10-31T06:15:00+05:30;India
IN;Delhi;Najafgarh, Delhi - DPCC;28.570173, 76.933762;PM10;caaqm;µg/m³;282.0;2022-10-31T06:15:00+05:30;India
IN;Delhi;Lodhi Road, Delhi - IITM;28.588333, 77.221667;SO2;caaqm;µg/m³;6.98;2022-08-02T15:00:00+05:30;India
IN;Delhi;Narela, Delhi - DPCC;;CO;data.gov.in;µg/m³;58000.0;2022-03-25T05:00:00+05:30;India
IN;Delhi;Dwarka-Sector 8, Delhi - DPCC;;SO2;data.gov.in;µg/m³;7.0;2022-03-25T05:00:00+05:30;India
IN;Delhi;Nehru Nagar, Delhi - DPCC;;O3;data.gov.in;µg/m³;4.0;2022-03-25T05:00:00+05:30;India
IN;Delhi;IGI Airport (T3), Delhi - IMD;;CO;data.gov.in;µg/m³;102000.0;2022-03-25T05:00:00+05:30;India
IN;Delhi;IGI Airport (T3), Delhi - IMD;;NO2;data.gov.in;µg/m³;104.0;2022-03-25T05:00:00+05:30;India
IN;Delhi;Lodhi Road, Delhi - IITM;;CO;data.gov.in;µg/m³;65000.0;2022-03-25T05:00:00+05:30;India
IN;Delhi;Mandir Marg, Delhi - DPCC;;NO2;data.gov.in;µg/m³;72.0;2022-03-25T05:00:00+05:30;India
IN;Delhi;North Campus, DU, Delhi - IMD;;NO2;data.gov.in;µg/m³;40.0;2022-03-25T05:00:00+05:30;India
IN;Delhi;Vivek Vihar, Delhi - DPCC;28.6687803, 77.3130982;O3;caaqm;µg/m³;181.1;2018-05-10T14:30:00+05:30;India
IN;Delhi;Mandir Marg, New Delhi - DPCC;28.6372688, 77.2005604;O3;caaqm;µg/m³;99.0;2018-05-10T13:00:00+05:30;India
IN;Delhi;Major Dhyan Chand National Stadium, Delhi - DPCC;28.6125027, 77.2351994;CO;caaqm;µg/m³;1800.0;2018-05-12T10:00:00+05:30;India
IN;Delhi;CRRI Mathura Road, Delhi - IMD;;PM10;CPCB;µg/m³;395.89;2018-02-22T04:45:00+05:30;India
IN;Delhi;R K Puram, Delhi - DPCC;28.5648, 77.1744;NO2;CPCB;µg/m³;77.6;2018-02-22T02:15:00+05:30;India
IN;Delhi;Mandir Marg, Delhi - DPCC;28.6341, 77.2005;NO2;CPCB;µg/m³;63.1;2018-02-22T02:15:00+05:30;India
IN;Delhi;Shadipur, Delhi - CPCB;28.6514781, 77.1473105;O3;caaqm;µg/m³;8.02;2022-10-31T07:30:00+05:30;India
IN;Delhi;Sirifort, Delhi - CPCB;28.5504249, 77.2159377;PM2.5;caaqm;µg/m³;275.0;2022-10-31T07:15:00+05:30;India
IN;Delhi;DTU, Delhi - CPCB;28.7500499, 77.1112615;PM2.5;caaqm;µg/m³;217.0;2022-10-31T07:15:00+05:30;India
IN;Delhi;Mandir Marg, Delhi - DPCC;28.636429, 77.201067;PM2.5;caaqm;µg/m³;60.0;2022-10-31T06:15:00+05:30;India
IN;Delhi;Mandir Marg, Delhi - DPCC;28.636429, 77.201067;PM10;caaqm;µg/m³;268.0;2022-10-31T06:15:00+05:30;India
IN;Delhi;Nehru Nagar, Delhi - DPCC;28.56789, 77.250515;SO2;caaqm;µg/m³;5.7;2022-10-31T06:15:00+05:30;India
IN;Delhi;Alipur, Delhi - DPCC;28.815329, 77.15301;PM2.5;caaqm;µg/m³;290.0;2022-10-31T06:00:00+05:30;India
IN;Delhi;IGI Airport (T3), Delhi - IMD;28.5627763, 77.1180053;NO2;caaqm;µg/m³;155.93;2022-10-16T21:30:00+05:30;India
IN;Delhi;Chandni Chowk, Delhi - IITM;28.656756, 77.227234;PM10;caaqm;µg/m³;89.1;2022-08-02T16:00:00+05:30;India
IN;Delhi;DTU, Delhi - CPCB;28.7500499, 77.1112615;NO2;caaqm;µg/m³;40.8;2022-10-31T07:15:00+05:30;India
IN;Delhi;IHBAS, Dilshad Garden, Delhi - CPCB;28.6811736, 77.3025234;PM2.5;caaqm;µg/m³;99.5;2022-10-31T07:15:00+05:30;India
IN;Delhi;Ashok Vihar, Delhi - DPCC;28.695381, 77.181665;PM2.5;caaqm;µg/m³;277.0;2022-10-31T06:15:00+05:30;India
IN;Delhi;Sri Aurobindo Marg, Delhi - DPCC;28.531346, 77.190156;O3;caaqm;µg/m³;6.1;2022-10-31T06:15:00+05:30;India
IN;Delhi;Mundka, Delhi - DPCC;28.684678, 77.076574;O3;caaqm;µg/m³;15.2;2022-10-31T06:15:00+05:30;India
IN;Delhi;Chandni Chowk, Delhi - IITM;28.656756, 77.227234;CO;caaqm;µg/m³;710.0;2022-08-02T16:00:00+05:30;India
IN;Delhi;Punjabi Bagh, Delhi - DPCC;;O3;data.gov.in;µg/m³;7.0;2022-03-25T05:00:00+05:30;India
IN;Delhi;Patparganj, Delhi - DPCC;;PM2.5;data.gov.in;µg/m³;227.0;2022-03-25T05:00:00+05:30;India
IN;Delhi;Wazirpur, Delhi - DPCC;;NO2;data.gov.in;µg/m³;40.0;2022-03-25T05:00:00+05:30;India
IN;Delhi;Najafgarh, Delhi - DPCC;;NO2;data.gov.in;µg/m³;26.0;2022-03-25T05:00:00+05:30;India
IN;Delhi;ITO, Delhi - CPCB;;O3;data.gov.in;µg/m³;10.0;2022-03-25T05:00:00+05:30;India
IN;Delhi;Lodhi Road, Delhi - IMD;;PM10;data.gov.in;µg/m³;198.0;2022-03-25T05:00:00+05:30;India
IN;Delhi;Mundka, Delhi - DPCC;;PM10;data.gov.in;µg/m³;338.0;2022-03-25T05:00:00+05:30;India
IN;Delhi;R K Puram, Delhi - DPCC;;NO2;data.gov.in;µg/m³;55.0;2022-03-25T05:00:00+05:30;India
IN;Delhi;Patparganj, Delhi - DPCC;28.6310495, 77.2846218;NO2;caaqm;µg/m³;10.3;2018-05-08T12:00:00+05:30;India
IN;Delhi;Patparganj, Delhi - DPCC;28.6310495, 77.2846218;PM2.5;caaqm;µg/m³;67.0;2018-05-13T17:00:00+05:30;India
IN;Delhi;Burari Crossing, Delhi - IMD;;PM2.5;CPCB;µg/m³;79.03;2018-02-22T04:45:00+05:30;India
IN;Delhi;R K Puram, Delhi - DPCC;28.5648, 77.1744;O3;CPCB;µg/m³;95.33;2018-01-24T15:00:00+05:30;India
IN;Delhi;Pusa, Delhi - IMD;;CO;CPCB;µg/m³;1860.0;2018-02-21T12:30:00+05:30;India
